.text,004006C0,_start,B0,T,31ED,xor,xor_11,ebp,ebp,1,1,N,,xor,S
.text,004006C2,_start,B0,T,4989D1,mov,mov_11,r9,rdx,1,1,N,,mov,C
.text,004006C5,_start,B0,T,5E,pop,pop_10,rsi,,1,0,N,,pop,C
.text,004006C6,_start,B0,T,4889E2,mov,mov_11,rdx,rsp,1,1,N,,mov,C
.text,004006C9,_start,B0,T,4883E4F0,and,and_15,rsp,0FFFFFFFFFFFFFFF0h,1,5,N,,and,C
.text,004006CD,_start,B0,T,50,push,push_10,rax,,1,0,N,,push,C
.text,004006CE,_start,B0,T,54,push,push_10,rsp,,1,0,N,,push,C
.text,004006CF,_start,B0,T,49C7C040124000,mov,mov_15,r8,offset __libc_csu_fini,1,5,N,_r.CODE,mov_r.CODE,C
.text,004006D6,_start,B0,T,48C7C1D0114000,mov,mov_15,rcx,offset __libc_csu_init,1,5,N,_r.CODE,mov_r.CODE,C
.text,004006DD,_start,B0,T,48C7C7280F4000,mov,mov_15,rdi,offset main,1,5,N,_r.CODE,mov_r.CODE,C
.text,004006E4,_start,B0,T,E867FFFFFF,call,call_70,___libc_start_main,,7,0,J,.CODE,call.CODE,C
.text,004006E9,_start,B0,T,F4,hlt,hlt_00,,,0,0,N,,hlt,C
.text,004006F0,deregister_tm_clones,B1,T,B8AF166000,mov,mov_15,eax,offset unk_6016AF,1,5,N,_r.BSS,mov_r.BSS,S
.text,004006F5,deregister_tm_clones,B1,T,55,push,push_10,rbp,,1,0,N,,push,C
.text,004006F6,deregister_tm_clones,B1,T,482DA8166000,sub,sub_15,rax,offset __bss_start,1,5,N,_r.BSS,sub_r.BSS,C
.text,004006FC,deregister_tm_clones,B1,T,4883F80E,cmp,cmp_15,rax,0Eh,1,5,N,,cmp,C
.text,00400700,deregister_tm_clones,B1,T,4889E5,mov,mov_11,rbp,rsp,1,1,N,,mov,C
.text,00400703,deregister_tm_clones,B1,T,761B,jbe,jbe_70,loc_400720,,7,0,J,.CODE,jbe.CODE,C
.text,00400705,deregister_tm_clones,B2,T,B800000000,mov,mov_15,eax,0,1,5,N,,mov,C
.text,0040070A,deregister_tm_clones,B2,T,4885C0,test,test_11,rax,rax,1,1,N,,test,C
.text,0040070D,deregister_tm_clones,B2,T,7411,jz,jz_70,loc_400720,,7,0,J,.CODE,jz.CODE,C
.text,0040070F,deregister_tm_clones,B3,T,5D,pop,pop_10,rbp,,1,0,N,,pop,C
.text,00400710,deregister_tm_clones,B3,T,BFA8166000,mov,mov_15,edi,offset __bss_start,1,5,N,_r.BSS,mov_r.BSS,C
.text,00400715,deregister_tm_clones,B3,T,FFE0,jmp,jmp_10,rax,,1,0,J,,jmp,C
.text,00400720,deregister_tm_clones,B4,T,5D,pop,pop_10,rbp,,1,0,N,,pop,C
.text,00400721,deregister_tm_clones,B4,T,C3,retn,retn_00,,,0,0,N,,retn,C
.text,00400730,register_tm_clones,B5,T,BEA8166000,mov,mov_15,esi,offset __bss_start,1,5,N,_r.BSS,mov_r.BSS,S
.text,00400735,register_tm_clones,B5,T,55,push,push_10,rbp,,1,0,N,,push,C
.text,00400736,register_tm_clones,B5,T,4881EEA8166000,sub,sub_15,rsi,offset __bss_start,1,5,N,_r.BSS,sub_r.BSS,C
.text,0040073D,register_tm_clones,B5,T,48C1FE03,sar,sar_15,rsi,3,1,5,N,,sar,C
.text,00400741,register_tm_clones,B5,T,4889E5,mov,mov_11,rbp,rsp,1,1,N,,mov,C
.text,00400744,register_tm_clones,B5,T,4889F0,mov,mov_11,rax,rsi,1,1,N,,mov,C
.text,00400747,register_tm_clones,B5,T,48C1E83F,shr,shr_15,rax,3Fh,1,5,N,,shr,C
.text,0040074B,register_tm_clones,B5,T,4801C6,add,add_11,rsi,rax,1,1,N,,add,C
.text,0040074E,register_tm_clones,B5,T,48D1FE,sar,sar_15,rsi,1,1,5,N,,sar,C
.text,00400751,register_tm_clones,B5,T,7415,jz,jz_70,loc_400768,,7,0,J,.CODE,jz.CODE,C
.text,00400753,register_tm_clones,B6,T,B800000000,mov,mov_15,eax,0,1,5,N,,mov,C
.text,00400758,register_tm_clones,B6,T,4885C0,test,test_11,rax,rax,1,1,N,,test,C
.text,0040075B,register_tm_clones,B6,T,740B,jz,jz_70,loc_400768,,7,0,J,.CODE,jz.CODE,C
.text,0040075D,register_tm_clones,B7,T,5D,pop,pop_10,rbp,,1,0,N,,pop,C
.text,0040075E,register_tm_clones,B7,T,BFA8166000,mov,mov_15,edi,offset __bss_start,1,5,N,_r.BSS,mov_r.BSS,C
.text,00400763,register_tm_clones,B7,T,FFE0,jmp,jmp_10,rax,,1,0,J,,jmp,C
.text,00400768,register_tm_clones,B8,T,5D,pop,pop_10,rbp,,1,0,N,,pop,C
.text,00400769,register_tm_clones,B8,T,C3,retn,retn_00,,,0,0,N,,retn,C
.text,00400770,__do_global_dtors_aux,B9,T,803D310F200000,cmp,cmp_25,cs:__bss_start,0,2,5,N,_r.BSS,cmp_r.BSS,S
.text,00400777,__do_global_dtors_aux,B9,T,7511,jnz,jnz_70,locret_40078A,,7,0,J,.CODE,jnz.CODE,C
.text,00400779,__do_global_dtors_aux,B10,T,55,push,push_10,rbp,,1,0,N,,push,C
.text,0040077A,__do_global_dtors_aux,B10,T,4889E5,mov,mov_11,rbp,rsp,1,1,N,,mov,C
.text,0040077D,__do_global_dtors_aux,B10,T,E86EFFFFFF,call,call_70,deregister_tm_clones,,7,0,J,.CODE,call.CODE,C
.text,00400782,__do_global_dtors_aux,B10,T,5D,pop,pop_10,rbp,,1,0,N,,pop,C
.text,00400783,__do_global_dtors_aux,B10,T,C6051E0F200001,mov,mov_25,cs:__bss_start,1,2,5,N,_w.BSS,mov_w.BSS,C
.text,0040078A,__do_global_dtors_aux,B11,T,F3C3,retn,retn_00,,,0,0,N,,retn,C
.text,00400790,frame_dummy,B12,T,BF40146000,mov,mov_15,edi,offset __JCR_LIST__,1,5,N,_r.DATA,mov_r.DATA,S
.text,00400795,frame_dummy,B12,T,48833F00,cmp,cmp_35,qword ptr [rdi],0,3,5,N,,cmp,C
.text,00400799,frame_dummy,B12,T,7505,jnz,jnz_70,loc_4007A0,,7,0,J,.CODE,jnz.CODE,C
.text,0040079B,frame_dummy,B13,T,EB93,jmp,jmp_70,register_tm_clones,,7,0,J,.CODE,jmp.CODE,C
.text,004007A0,frame_dummy,B14,T,B800000000,mov,mov_15,eax,0,1,5,N,,mov,C
.text,004007A5,frame_dummy,B14,T,4885C0,test,test_11,rax,rax,1,1,N,,test,C
.text,004007A8,frame_dummy,B14,T,74F1,jz,jz_70,loc_40079B,,7,0,J,.CODE,jz.CODE,C
.text,004007AA,frame_dummy,B15,T,55,push,push_10,rbp,,1,0,N,,push,C
.text,004007AB,frame_dummy,B15,T,4889E5,mov,mov_11,rbp,rsp,1,1,N,,mov,C
.text,004007AE,frame_dummy,B15,T,FFD0,call,call_10,rax,,1,0,J,,call,C
.text,004007B0,frame_dummy,B15,T,5D,pop,pop_10,rbp,,1,0,N,,pop,C
.text,004007B1,frame_dummy,B15,T,E97AFFFFFF,jmp,jmp_70,register_tm_clones,,7,0,J,.CODE,jmp.CODE,C
.text,004007B6,,B16,T,55,push,push_10,rbp,,1,0,N,,push,S
.text,004007B7,,B16,T,4889E5,mov,mov_11,rbp,rsp,1,1,N,,mov,C
.text,004007BA,,B16,T,4881EC20010000,sub,sub_15,rsp,120h,1,5,N,,sub,C
.text,004007C1,,B16,T,4889BDE8FEFFFF,mov,mov_41,[rbp-118h],rdi,4,1,N,,mov,C
.text,004007C8,,B16,T,4889B5E0FEFFFF,mov,mov_41,[rbp-120h],rsi,4,1,N,,mov,C
.text,004007CF,,B16,T,C745F001000000,mov,mov_45,dword ptr [rbp-10h],1,4,5,N,,mov,C
.text,004007D6,,B16,T,488B05DB0E2000,mov,mov_12,rax,cs:_1_main__opaque_list1_1,1,2,N,_r.BSS,mov_r.BSS,C
.text,004007DD,,B16,T,488B4008,mov,mov_14,rax,[rax+8],1,4,N,,mov,C
.text,004007E1,,B16,T,488905D00E2000,mov,mov_21,cs:_1_main__opaque_list1_1,rax,2,1,N,_w.BSS,mov_w.BSS,C
.text,004007E8,,B16,T,488B05E10E2000,mov,mov_12,rax,cs:_1_main__opaque_list2_1,1,2,N,_r.BSS,mov_r.BSS,C
.text,004007EF,,B16,T,488B4008,mov,mov_14,rax,[rax+8],1,4,N,,mov,C
.text,004007F3,,B16,T,488905D60E2000,mov,mov_21,cs:_1_main__opaque_list2_1,rax,2,1,N,_w.BSS,mov_w.BSS,C
.text,004007FA,,B16,T,C745EC01000000,mov,mov_45,dword ptr [rbp-14h],1,4,5,N,,mov,C
.text,00400801,,B16,T,488B05C80E2000,mov,mov_12,rax,cs:_1_main__opaque_list2_1,1,2,N,_r.BSS,mov_r.BSS,C
.text,00400808,,B16,T,4885C0,test,test_11,rax,rax,1,1,N,,test,C
.text,0040080B,,B16,T,0F8581000000,jnz,jnz_70,loc_400892,,7,0,J,.CODE,jnz.CODE,C
.text,00400811,,B17,T,488B05A00E2000,mov,mov_12,rax,cs:_1_main__opaque_list1_1,1,2,N,_r.BSS,mov_r.BSS,C
.text,00400818,,B17,T,4885C0,test,test_11,rax,rax,1,1,N,,test,C
.text,0040081B,,B17,T,7517,jnz,jnz_70,loc_400834,,7,0,J,.CODE,jnz.CODE,C
.text,0040081D,,B18,T,8B45F4,mov,mov_14,eax,[rbp-0Ch],1,4,N,,mov,C
.text,00400820,,B18,T,BA00000000,mov,mov_15,edx,0,1,5,N,,mov,C
.text,00400825,,B18,T,BE00000000,mov,mov_15,esi,0,1,5,N,,mov,C
.text,0040082A,,B18,T,89C7,mov,mov_11,edi,eax,1,1,N,,mov,C
.text,0040082C,,B18,T,E8F7060000,call,call_70,main,,7,0,J,.CODE,call.CODE,C
.text,00400831,,B18,T,8945F4,mov,mov_41,[rbp-0Ch],eax,4,1,N,,mov,C
.text,00400834,,B19,T,488B057D0E2000,mov,mov_12,rax,cs:_1_main__opaque_list1_1,1,2,N,_r.BSS,mov_r.BSS,C
.text,0040083B,,B19,T,4885C0,test,test_11,rax,rax,1,1,N,,test,C
.text,0040083E,,B19,T,0F94C0,setz,setz_10,al,,1,0,N,,setz,C
.text,00400841,,B19,T,0FB6C0,movzx,movzx_11,eax,al,1,1,N,,movzx,C
.text,00400844,,B19,T,3B45F8,cmp,cmp_14,eax,[rbp-8],1,4,N,,cmp,C
.text,00400847,,B19,T,7410,jz,jz_70,loc_400859,,7,0,J,.CODE,jz.CODE,C
.text,00400849,,B20,T,C68510FFFFFF06,mov,mov_45,byte ptr [rbp-0F0h],6,4,5,N,,mov,C
.text,00400850,,B20,T,C745FC03000000,mov,mov_45,dword ptr [rbp-4],3,4,5,N,,mov,C
.text,00400857,,B20,T,EB5C,jmp,jmp_70,loc_4008B5,,7,0,J,.CODE,jmp.CODE,C
.text,00400859,,B21,T,488B05580E2000,mov,mov_12,rax,cs:_1_main__opaque_list1_1,1,2,N,_r.BSS,mov_r.BSS,C
.text,00400860,,B21,T,4885C0,test,test_11,rax,rax,1,1,N,,test,C
.text,00400863,,B21,T,7424,jz,jz_70,loc_400889,,7,0,J,.CODE,jz.CODE,C
.text,00400865,,B22,T,488B154C0E2000,mov,mov_12,rdx,cs:_1_main__opaque_list1_1,1,2,N,_r.BSS,mov_r.BSS,C
.text,0040086C,,B22,T,488B055D0E2000,mov,mov_12,rax,cs:_1_main__opaque_list2_1,1,2,N,_r.BSS,mov_r.BSS,C
.text,00400873,,B22,T,4839C2,cmp,cmp_11,rdx,rax,1,1,N,,cmp,C
.text,00400876,,B22,T,7509,jnz,jnz_70,near ptr byte_400881,,7,0,J,.CODE,jnz.CODE,C
.text,00400878,,B23,T,C68510FFFFFF00,mov,mov_45,byte ptr [rbp-0F0h],0,4,5,N,,mov,C
.text,0040087F,,B23,T,EB34,jmp,jmp_70,loc_4008B5,,7,0,J,.CODE,jmp.CODE,C
.text,00400881,,N,F_DATA,60B8FFFFFFFFEB,,DATA,60h,60h,-1,-1,X,,DATA,C
.text,00400888,,N,F_DATA,2C,,DATA,2Ch,2Ch,1,5,X,,DATA,C
.text,00400889,,B24,T,A5,movsd,movsd_33,,,3,3,N,,movsd,C
.text,0040088A,,B24,T,231F,and,and_13,ebx,[rdi],1,3,N,,and,C
.text,0040088C,,B24,T,8369965E,sub,sub_45,dword ptr [rcx-6Ah],5Eh,4,5,N,,sub,C
.text,00400890,,B24,T,EB34,jmp,jmp_70,loc_4008C6,,7,0,J,.CODE,jmp.CODE,C
.text,00400892,,B25,T,488B051F0E2000,mov,mov_12,rax,cs:_1_main__opaque_list1_1,1,2,N,_r.BSS,mov_r.BSS,C
.text,00400899,,B25,T,4885C0,test,test_11,rax,rax,1,1,N,,test,C
.text,0040089C,,B25,T,7509,jnz,jnz_70,loc_4008A7,,7,0,J,.CODE,jnz.CODE,C
.text,0040089E,,B26,T,C68510FFFFFF08,mov,mov_45,byte ptr [rbp-0F0h],8,4,5,N,,mov,C
.text,004008A5,,B26,T,EB0E,jmp,jmp_70,loc_4008B5,,7,0,J,.CODE,jmp.CODE,C
.text,004008A7,,B27,T,C68510FFFFFF00,mov,mov_45,byte ptr [rbp-0F0h],0,4,5,N,,mov,C
.text,004008AE,,B27,T,C745FC01000000,mov,mov_45,dword ptr [rbp-4],1,4,5,N,,mov,C
.text,004008B5,,B28,T,EB0F,jmp,jmp_70,loc_4008C6,,7,0,J,.CODE,jmp.CODE,C
.text,004008B7,,B29,T,8B45FC,mov,mov_14,eax,[rbp-4],1,4,N,,mov,C
.text,004008BA,,B29,T,C6840510FFFFFF00,mov,mov_45,byte ptr [rbp+rax-0F0h],0,4,5,N,,mov,C
.text,004008C2,,B29,T,8345FC01,add,add_45,dword ptr [rbp-4],1,4,5,N,,add,C
.text,004008C6,,B30,T,837DFC63,cmp,cmp_45,dword ptr [rbp-4],63h,4,5,N,,cmp,C
.text,004008CA,,B30,T,76EB,jbe,jbe_70,loc_4008B7,,7,0,J,.CODE,jbe.CODE,C
.text,004008CC,,B31,T,C745E801000000,mov,mov_45,dword ptr [rbp-18h],1,4,5,N,,mov,C
.text,004008D3,,B31,T,488B05DE0D2000,mov,mov_12,rax,cs:_1_main__opaque_list1_1,1,2,N,_r.BSS,mov_r.BSS,C
.text,004008DA,,B31,T,488B4008,mov,mov_14,rax,[rax+8],1,4,N,,mov,C
.text,004008DE,,B31,T,488905D30D2000,mov,mov_21,cs:_1_main__opaque_list1_1,rax,2,1,N,_w.BSS,mov_w.BSS,C
.text,004008E5,,B31,T,488B05E40D2000,mov,mov_12,rax,cs:_1_main__opaque_list2_1,1,2,N,_r.BSS,mov_r.BSS,C
.text,004008EC,,B31,T,488B4008,mov,mov_14,rax,[rax+8],1,4,N,,mov,C
.text,004008F0,,B31,T,488905D90D2000,mov,mov_21,cs:_1_main__opaque_list2_1,rax,2,1,N,_w.BSS,mov_w.BSS,C
.text,004008F7,,B31,T,C745E401000000,mov,mov_45,dword ptr [rbp-1Ch],1,4,5,N,,mov,C
.text,004008FE,,B31,T,488B15B30D2000,mov,mov_12,rdx,cs:_1_main__opaque_list1_1,1,2,N,_r.BSS,mov_r.BSS,C
.text,00400905,,B31,T,488B05C40D2000,mov,mov_12,rax,cs:_1_main__opaque_list2_1,1,2,N,_r.BSS,mov_r.BSS,C
.text,0040090C,,B31,T,4839C2,cmp,cmp_11,rdx,rax,1,1,N,,cmp,C
.text,0040090F,,B31,T,0F85E1010000,jnz,jnz_70,loc_400AF6,,7,0,J,.CODE,jnz.CODE,C
.text,00400915,,B32,T,C745F800000000,mov,mov_45,dword ptr [rbp-8],0,4,5,N,,mov,C
.text,0040091C,,B32,T,488B85E8FEFFFF,mov,mov_14,rax,[rbp-118h],1,4,N,,mov,C
.text,00400923,,B32,T,4883C002,add,add_15,rax,2,1,5,N,,add,C
.text,00400927,,B32,T,0FB600,movzx,movzx_13,eax,byte ptr [rax],1,3,N,,movzx,C
.text,0040092A,,B32,T,BACFFFFFFF,mov,mov_15,edx,0FFFFFFCFh,1,5,N,,mov,C
.text,0040092F,,B32,T,0FAFC2,imul,imul_11,eax,edx,1,1,N,,imul,C
.text,00400932,,B32,T,83E83B,sub,sub_15,eax,3Bh,1,5,N,,sub,C
.text,00400935,,B32,T,884580,mov,mov_41,[rbp-80h],al,4,1,N,,mov,C
.text,00400938,,B32,T,488B85E8FEFFFF,mov,mov_14,rax,[rbp-118h],1,4,N,,mov,C
.text,0040093F,,B32,T,0FB608,movzx,movzx_13,ecx,byte ptr [rax],1,3,N,,movzx,C
.text,00400942,,B32,T,0FB64580,movzx,movzx_14,eax,byte ptr [rbp-80h],1,4,N,,movzx,C
.text,00400946,,B32,T,488B95E8FEFFFF,mov,mov_14,rdx,[rbp-118h],1,4,N,,mov,C
.text,0040094D,,B32,T,4883C203,add,add_15,rdx,3,1,5,N,,add,C
.text,00400951,,B32,T,0FB612,movzx,movzx_13,edx,byte ptr [rdx],1,3,N,,movzx,C
.text,00400954,,B32,T,0FAFC2,imul,imul_11,eax,edx,1,1,N,,imul,C
.text,00400957,,B32,T,89C2,mov,mov_11,edx,eax,1,1,N,,mov,C
.text,00400959,,B32,T,89C8,mov,mov_11,eax,ecx,1,1,N,,mov,C
.text,0040095B,,B32,T,0FAFC2,imul,imul_11,eax,edx,1,1,N,,imul,C
.text,0040095E,,B32,T,884581,mov,mov_41,[rbp-7Fh],al,4,1,N,,mov,C
.text,00400961,,B32,T,488B85E8FEFFFF,mov,mov_14,rax,[rbp-118h],1,4,N,,mov,C
.text,00400968,,B32,T,4883C001,add,add_15,rax,1,1,5,N,,add,C
.text,0040096C,,B32,T,0FB610,movzx,movzx_13,edx,byte ptr [rax],1,3,N,,movzx,C
.text,0040096F,,B32,T,0FB64581,movzx,movzx_14,eax,byte ptr [rbp-7Fh],1,4,N,,movzx,C
.text,00400973,,B32,T,01D0,add,add_11,eax,edx,1,1,N,,add,C
.text,00400975,,B32,T,83C03E,add,add_15,eax,3Eh,1,5,N,,add,C
.text,00400978,,B32,T,884582,mov,mov_41,[rbp-7Eh],al,4,1,N,,mov,C
.text,0040097B,,B32,T,488B85E8FEFFFF,mov,mov_14,rax,[rbp-118h],1,4,N,,mov,C
.text,00400982,,B32,T,4883C002,add,add_15,rax,2,1,5,N,,add,C
.text,00400986,,B32,T,0FB610,movzx,movzx_13,edx,byte ptr [rax],1,3,N,,movzx,C
.text,00400989,,B32,T,488B85E8FEFFFF,mov,mov_14,rax,[rbp-118h],1,4,N,,mov,C
.text,00400990,,B32,T,0FB600,movzx,movzx_13,eax,byte ptr [rax],1,3,N,,movzx,C
.text,00400993,,B32,T,01D0,add,add_11,eax,edx,1,1,N,,add,C
.text,00400995,,B32,T,83E83C,sub,sub_15,eax,3Ch,1,5,N,,sub,C
.text,00400998,,B32,T,884583,mov,mov_41,[rbp-7Dh],al,4,1,N,,mov,C
.text,0040099B,,B32,T,488B85E8FEFFFF,mov,mov_14,rax,[rbp-118h],1,4,N,,mov,C
.text,004009A2,,B32,T,4883C003,add,add_15,rax,3,1,5,N,,add,C
.text,004009A6,,B32,T,0FB600,movzx,movzx_13,eax,byte ptr [rax],1,3,N,,movzx,C
.text,004009A9,,B32,T,BAADFFFFFF,mov,mov_15,edx,0FFFFFFADh,1,5,N,,mov,C
.text,004009AE,,B32,T,0FAFC2,imul,imul_11,eax,edx,1,1,N,,imul,C
.text,004009B1,,B32,T,884584,mov,mov_41,[rbp-7Ch],al,4,1,N,,mov,C
.text,004009B4,,B32,T,488B85E8FEFFFF,mov,mov_14,rax,[rbp-118h],1,4,N,,mov,C
.text,004009BB,,B32,T,4883C001,add,add_15,rax,1,1,5,N,,add,C
.text,004009BF,,B32,T,0FB600,movzx,movzx_13,eax,byte ptr [rax],1,3,N,,movzx,C
.text,004009C2,,B32,T,83C077,add,add_15,eax,77h,1,5,N,,add,C
.text,004009C5,,B32,T,884585,mov,mov_41,[rbp-7Bh],al,4,1,N,,mov,C
.text,004009C8,,B32,T,488B85E8FEFFFF,mov,mov_14,rax,[rbp-118h],1,4,N,,mov,C
.text,004009CF,,B32,T,4883C002,add,add_15,rax,2,1,5,N,,add,C
.text,004009D3,,B32,T,0FB600,movzx,movzx_13,eax,byte ptr [rax],1,3,N,,movzx,C
.text,004009D6,,B32,T,83C006,add,add_15,eax,6,1,5,N,,add,C
.text,004009D9,,B32,T,884586,mov,mov_41,[rbp-7Ah],al,4,1,N,,mov,C
.text,004009DC,,B32,T,488B85E8FEFFFF,mov,mov_14,rax,[rbp-118h],1,4,N,,mov,C
.text,004009E3,,B32,T,0FB600,movzx,movzx_13,eax,byte ptr [rax],1,3,N,,movzx,C
.text,004009E6,,B32,T,0FB6D0,movzx,movzx_11,edx,al,1,1,N,,movzx,C
.text,004009E9,,B32,T,488B85E8FEFFFF,mov,mov_14,rax,[rbp-118h],1,4,N,,mov,C
.text,004009F0,,B32,T,4883C003,add,add_15,rax,3,1,5,N,,add,C
.text,004009F4,,B32,T,0FB600,movzx,movzx_13,eax,byte ptr [rax],1,3,N,,movzx,C
.text,004009F7,,B32,T,0FB6C0,movzx,movzx_11,eax,al,1,1,N,,movzx,C
.text,004009FA,,B32,T,0FAFC2,imul,imul_11,eax,edx,1,1,N,,imul,C
.text,004009FD,,B32,T,4898,cdqe,cdqe_10,,,1,0,N,,cdqe,C
.text,004009FF,,B32,T,89C1,mov,mov_11,ecx,eax,1,1,N,,mov,C
.text,00400A01,,B32,T,488B85E8FEFFFF,mov,mov_14,rax,[rbp-118h],1,4,N,,mov,C
.text,00400A08,,B32,T,4883C001,add,add_15,rax,1,1,5,N,,add,C
.text,00400A0C,,B32,T,0FB600,movzx,movzx_13,eax,byte ptr [rax],1,3,N,,movzx,C
.text,00400A0F,,B32,T,0FB6D0,movzx,movzx_11,edx,al,1,1,N,,movzx,C
.text,00400A12,,B32,T,0FB64586,movzx,movzx_14,eax,byte ptr [rbp-7Ah],1,4,N,,movzx,C
.text,00400A16,,B32,T,0FB6C0,movzx,movzx_11,eax,al,1,1,N,,movzx,C
.text,00400A19,,B32,T,4869C06E09C433,imul,imul_11,rax,,1,1,N,,imul,C
.text,00400A20,,B32,T,4801D0,add,add_11,rax,rdx,1,1,N,,add,C
.text,00400A23,,B32,T,89C2,mov,mov_11,edx,eax,1,1,N,,mov,C
.text,00400A25,,B32,T,89C8,mov,mov_11,eax,ecx,1,1,N,,mov,C
.text,00400A27,,B32,T,0FAFC2,imul,imul_11,eax,edx,1,1,N,,imul,C
.text,00400A2A,,B32,T,884587,mov,mov_41,[rbp-79h],al,4,1,N,,mov,C
.text,00400A2D,,B32,T,488D8500FFFFFF,lea,lea_14,rax,[rbp-100h],1,4,N,,lea,C
.text,00400A34,,B32,T,BE00000000,mov,mov_15,esi,0,1,5,N,,mov,C
.text,00400A39,,B32,T,4889C7,mov,mov_11,rdi,rax,1,1,N,,mov,C
.text,00400A3C,,B32,T,B800000000,mov,mov_15,eax,0,1,5,N,,mov,C
.text,00400A41,,B32,T,E8FAFBFFFF,call,call_70,_gettimeofday,,7,0,J,.CODE,call.CODE,C
.text,00400A46,,B32,T,8945E0,mov,mov_41,[rbp-20h],eax,4,1,N,,mov,C
.text,00400A49,,B32,T,488B8500FFFFFF,mov,mov_14,rax,[rbp-100h],1,4,N,,mov,C
.text,00400A50,,B32,T,488B9508FFFFFF,mov,mov_14,rdx,[rbp-0F8h],1,4,N,,mov,C
.text,00400A57,,B32,T,488985F0FEFFFF,mov,mov_41,[rbp-110h],rax,4,1,N,,mov,C
.text,00400A5E,,B32,T,488995F8FEFFFF,mov,mov_41,[rbp-108h],rdx,4,1,N,,mov,C
.text,00400A65,,B32,T,488B85F0FEFFFF,mov,mov_14,rax,[rbp-110h],1,4,N,,mov,C
.text,00400A6C,,B32,T,488945D8,mov,mov_41,[rbp-28h],rax,4,1,N,,mov,C
.text,00400A70,,B32,T,BF58124000,mov,mov_15,edi,offset aPleaseEnterPas,1,5,N,_r.DATA,mov_r.DATA,C
.text,00400A75,,B32,T,B800000000,mov,mov_15,eax,0,1,5,N,,mov,C
.text,00400A7A,,B32,T,E8B1FBFFFF,call,call_70,_printf,,7,0,J,.CODE,call.CODE,C
.text,00400A7F,,B32,T,488D8510FFFFFF,lea,lea_14,rax,[rbp-0F0h],1,4,N,,lea,C
.text,00400A86,,B32,T,4889C6,mov,mov_11,rsi,rax,1,1,N,,mov,C
.text,00400A89,,B32,T,BF6F124000,mov,mov_15,edi,offset aS,1,5,N,_r.DATA,mov_r.DATA,C
.text,00400A8E,,B32,T,B800000000,mov,mov_15,eax,0,1,5,N,,mov,C
.text,00400A93,,B32,T,E8F8FBFFFF,call,call_70,___isoc99_scanf,,7,0,J,.CODE,call.CODE,C
.text,00400A98,,B32,T,488B85E8FEFFFF,mov,mov_14,rax,[rbp-118h],1,4,N,,mov,C
.text,00400A9F,,B32,T,0FB600,movzx,movzx_13,eax,byte ptr [rax],1,3,N,,movzx,C
.text,00400AA2,,B32,T,0FB6C0,movzx,movzx_11,eax,al,1,1,N,,movzx,C
.text,00400AA5,,B32,T,8945D4,mov,mov_41,[rbp-2Ch],eax,4,1,N,,mov,C
.text,00400AA8,,B32,T,488D8510FFFFFF,lea,lea_14,rax,[rbp-0F0h],1,4,N,,lea,C
.text,00400AAF,,B32,T,BA64000000,mov,mov_15,edx,64h,1,5,N,,mov,C
.text,00400AB4,,B32,T,BE72124000,mov,mov_15,esi,offset aSecret,1,5,N,_r.DATA,mov_r.DATA,C
.text,00400AB9,,B32,T,4889C7,mov,mov_11,rdi,rax,1,1,N,,mov,C
.text,00400ABC,,B32,T,E84FFBFFFF,call,call_70,_strncmp,,7,0,J,.CODE,call.CODE,C
.text,00400AC1,,B32,T,8945F4,mov,mov_41,[rbp-0Ch],eax,4,1,N,,mov,C
.text,00400AC4,,B32,T,837DF400,cmp,cmp_45,dword ptr [rbp-0Ch],0,4,5,N,,cmp,C
.text,00400AC8,,B32,T,0F95C0,setnz,setnz_10,al,,1,0,N,,setnz,C
.text,00400ACB,,B32,T,0FB6C0,movzx,movzx_11,eax,al,1,1,N,,movzx,C
.text,00400ACE,,B32,T,0945F8,or,or_41,[rbp-8],eax,4,1,N,,or,C
.text,00400AD1,,B32,T,488B45D8,mov,mov_14,rax,[rbp-28h],1,4,N,,mov,C
.text,00400AD5,,B32,T,483D78645D53,cmp,cmp_15,rax,535D6478h,1,5,N,,cmp,C
.text,00400ADB,,B32,T,0F96C0,setbe,setbe_10,al,,1,0,N,,setbe,C
.text,00400ADE,,B32,T,0FB6C0,movzx,movzx_11,eax,al,1,1,N,,movzx,C
.text,00400AE1,,B32,T,0945F8,or,or_41,[rbp-8],eax,4,1,N,,or,C
.text,00400AE4,,B32,T,837DD42A,cmp,cmp_45,dword ptr [rbp-2Ch],2Ah,4,5,N,,cmp,C
.text,00400AE8,,B32,T,0F95C0,setnz,setnz_10,al,,1,0,N,,setnz,C
.text,00400AEB,,B32,T,0FB6C0,movzx,movzx_11,eax,al,1,1,N,,movzx,C
.text,00400AEE,,B32,T,0945F8,or,or_41,[rbp-8],eax,4,1,N,,or,C
.text,00400AF1,,B32,T,E90F010000,jmp,jmp_70,loc_400C05,,7,0,J,.CODE,jmp.CODE,C
.text,00400AF6,,B33,T,8B45F4,mov,mov_14,eax,[rbp-0Ch],1,4,N,,mov,C
.text,00400AF9,,B33,T,8945F8,mov,mov_41,[rbp-8],eax,4,1,N,,mov,C
.text,00400AFC,,B33,T,C6458005,mov,mov_45,byte ptr [rbp-80h],5,4,5,N,,mov,C
.text,00400B00,,B33,T,C6458108,mov,mov_45,byte ptr [rbp-7Fh],8,4,5,N,,mov,C
.text,00400B04,,B33,T,C6458203,mov,mov_45,byte ptr [rbp-7Eh],3,4,5,N,,mov,C
.text,00400B08,,B33,T,C6458307,mov,mov_45,byte ptr [rbp-7Dh],7,4,5,N,,mov,C
.text,00400B0C,,B33,T,488B85E8FEFFFF,mov,mov_14,rax,[rbp-118h],1,4,N,,mov,C
.text,00400B13,,B33,T,4883C003,add,add_15,rax,3,1,5,N,,add,C
.text,00400B17,,B33,T,0FB600,movzx,movzx_13,eax,byte ptr [rax],1,3,N,,movzx,C
.text,00400B1A,,B33,T,BAADFFFFFF,mov,mov_15,edx,0FFFFFFADh,1,5,N,,mov,C
.text,00400B1F,,B33,T,0FAFC2,imul,imul_11,eax,edx,1,1,N,,imul,C
.text,00400B22,,B33,T,89C1,mov,mov_11,ecx,eax,1,1,N,,mov,C
.text,00400B24,,B33,T,0FB6D1,movzx,movzx_11,edx,cl,1,1,N,,movzx,C
.text,00400B27,,B33,T,89D0,mov,mov_11,eax,edx,1,1,N,,mov,C
.text,00400B29,,B33,T,C1E003,shl,shl_15,eax,3,1,5,N,,shl,C
.text,00400B2C,,B33,T,01D0,add,add_11,eax,edx,1,1,N,,add,C
.text,00400B2E,,B33,T,01C0,add,add_11,eax,eax,1,1,N,,add,C
.text,00400B30,,B33,T,01D0,add,add_11,eax,edx,1,1,N,,add,C
.text,00400B32,,B33,T,8D14C500000000,lea,lea_12,edx,ds:0[rax*8],1,2,N,,lea,C
.text,00400B39,,B33,T,01D0,add,add_11,eax,edx,1,1,N,,add,C
.text,00400B3B,,B33,T,66C1E808,shr,shr_15,ax,8,1,5,N,,shr,C
.text,00400B3F,,B33,T,D0E8,shr,shr_15,al,1,1,5,N,,shr,C
.text,00400B41,,B33,T,89C2,mov,mov_11,edx,eax,1,1,N,,mov,C
.text,00400B43,,B33,T,01D2,add,add_11,edx,edx,1,1,N,,add,C
.text,00400B45,,B33,T,01C2,add,add_11,edx,eax,1,1,N,,add,C
.text,00400B47,,B33,T,89C8,mov,mov_11,eax,ecx,1,1,N,,mov,C
.text,00400B49,,B33,T,29D0,sub,sub_11,eax,edx,1,1,N,,sub,C
.text,00400B4B,,B33,T,884584,mov,mov_41,[rbp-7Ch],al,4,1,N,,mov,C
.text,00400B4E,,B33,T,C6458508,mov,mov_45,byte ptr [rbp-7Bh],8,4,5,N,,mov,C
.text,00400B52,,B33,T,C6458607,mov,mov_45,byte ptr [rbp-7Ah],7,4,5,N,,mov,C
.text,00400B56,,B33,T,C6458700,mov,mov_45,byte ptr [rbp-79h],0,4,5,N,,mov,C
.text,00400B5A,,B33,T,488D8500FFFFFF,lea,lea_14,rax,[rbp-100h],1,4,N,,lea,C
.text,00400B61,,B33,T,4883E810,sub,sub_15,rax,10h,1,5,N,,sub,C
.text,00400B65,,B33,T,BE04000000,mov,mov_15,esi,4,1,5,N,,mov,C
.text,00400B6A,,B33,T,4889C7,mov,mov_11,rdi,rax,1,1,N,,mov,C
.text,00400B6D,,B33,T,B800000000,mov,mov_15,eax,0,1,5,N,,mov,C
.text,00400B72,,B33,T,E8C9FAFFFF,call,call_70,_gettimeofday,,7,0,J,.CODE,call.CODE,C
.text,00400B77,,B33,T,8945E0,mov,mov_41,[rbp-20h],eax,4,1,N,,mov,C
.text,00400B7A,,B33,T,488B8500FFFFFF,mov,mov_14,rax,[rbp-100h],1,4,N,,mov,C
.text,00400B81,,B33,T,488B9508FFFFFF,mov,mov_14,rdx,[rbp-0F8h],1,4,N,,mov,C
.text,00400B88,,B33,T,488985F0FEFFFF,mov,mov_41,[rbp-110h],rax,4,1,N,,mov,C
.text,00400B8F,,B33,T,488995F8FEFFFF,mov,mov_41,[rbp-108h],rdx,4,1,N,,mov,C
.text,00400B96,,B33,T,48C745D80A000000,mov,mov_45,qword ptr [rbp-28h],0Ah,4,5,N,,mov,C
.text,00400B9E,,B33,T,BF59124000,mov,mov_15,edi,401259h,1,5,N,,mov,C
.text,00400BA3,,B33,T,B800000000,mov,mov_15,eax,0,1,5,N,,mov,C
.text,00400BA8,,B33,T,E883FAFFFF,call,call_70,_printf,,7,0,J,.CODE,call.CODE,C
.text,00400BAD,,B33,T,488D8510FFFFFF,lea,lea_14,rax,[rbp-0F0h],1,4,N,,lea,C
.text,00400BB4,,B33,T,4883E801,sub,sub_15,rax,1,1,5,N,,sub,C
.text,00400BB8,,B33,T,4889C6,mov,mov_11,rsi,rax,1,1,N,,mov,C
.text,00400BBB,,B33,T,BF6E124000,mov,mov_15,edi,40126Eh,1,5,N,,mov,C
.text,00400BC0,,B33,T,B800000000,mov,mov_15,eax,0,1,5,N,,mov,C
.text,00400BC5,,B33,T,E8C6FAFFFF,call,call_70,___isoc99_scanf,,7,0,J,.CODE,call.CODE,C
.text,00400BCA,,B33,T,488B85E8FEFFFF,mov,mov_14,rax,[rbp-118h],1,4,N,,mov,C
.text,00400BD1,,B33,T,0FB600,movzx,movzx_13,eax,byte ptr [rax],1,3,N,,movzx,C
.text,00400BD4,,B33,T,0FB6C0,movzx,movzx_11,eax,al,1,1,N,,movzx,C
.text,00400BD7,,B33,T,99,cdq,cdq_11,,,1,1,N,,cdq,C
.text,00400BD8,,B33,T,F77DD4,idiv,idiv_14,,dword ptr [rbp-2Ch],1,4,N,,idiv,C
.text,00400BDB,,B33,T,8955D4,mov,mov_41,[rbp-2Ch],edx,4,1,N,,mov,C
.text,00400BDE,,B33,T,C745F400000000,mov,mov_45,dword ptr [rbp-0Ch],0,4,5,N,,mov,C
.text,00400BE5,,B33,T,488B45D8,mov,mov_14,rax,[rbp-28h],1,4,N,,mov,C
.text,00400BE9,,B33,T,483D78645D53,cmp,cmp_15,rax,535D6478h,1,5,N,,cmp,C
.text,00400BEF,,B33,T,0F96C0,setbe,setbe_10,al,,1,0,N,,setbe,C
.text,00400BF2,,B33,T,0FB6C0,movzx,movzx_11,eax,al,1,1,N,,movzx,C
.text,00400BF5,,B33,T,0B45F8,or,or_14,eax,[rbp-8],1,4,N,,or,C
.text,00400BF8,,B33,T,99,cdq,cdq_11,,,1,1,N,,cdq,C
.text,00400BF9,,B33,T,F77DF8,idiv,idiv_14,,dword ptr [rbp-8],1,4,N,,idiv,C
.text,00400BFC,,B33,T,8945F8,mov,mov_41,[rbp-8],eax,4,1,N,,mov,C
.text,00400BFF,,B33,T,8B45D4,mov,mov_14,eax,[rbp-2Ch],1,4,N,,mov,C
.text,00400C02,,B33,T,8945F8,mov,mov_41,[rbp-8],eax,4,1,N,,mov,C
.text,00400C05,,B34,T,837DF800,cmp,cmp_45,dword ptr [rbp-8],0,4,5,N,,cmp,C
.text,00400C09,,B34,T,7405,jz,jz_70,loc_400C10,,7,0,J,.CODE,jz.CODE,C
.text,00400C0B,,B35,T,E8F0F9FFFF,call,call_70,_abort,,7,0,J,.CODE,call.CODE,C
.text,00400C10,,B36,T,C745D001000000,mov,mov_45,dword ptr [rbp-30h],1,4,5,N,,mov,C
.text,00400C17,,B36,T,488B059A0A2000,mov,mov_12,rax,cs:_1_main__opaque_list1_1,1,2,N,_r.BSS,mov_r.BSS,C
.text,00400C1E,,B36,T,488B4008,mov,mov_14,rax,[rax+8],1,4,N,,mov,C
.text,00400C22,,B36,T,4889058F0A2000,mov,mov_21,cs:_1_main__opaque_list1_1,rax,2,1,N,_w.BSS,mov_w.BSS,C
.text,00400C29,,B36,T,488B05A00A2000,mov,mov_12,rax,cs:_1_main__opaque_list2_1,1,2,N,_r.BSS,mov_r.BSS,C
.text,00400C30,,B36,T,488B4008,mov,mov_14,rax,[rax+8],1,4,N,,mov,C
.text,00400C34,,B36,T,488905950A2000,mov,mov_21,cs:_1_main__opaque_list2_1,rax,2,1,N,_w.BSS,mov_w.BSS,C
.text,00400C3B,,B36,T,C745CC01000000,mov,mov_45,dword ptr [rbp-34h],1,4,5,N,,mov,C
.text,00400C42,,B36,T,488B05870A2000,mov,mov_12,rax,cs:_1_main__opaque_list2_1,1,2,N,_r.BSS,mov_r.BSS,C
.text,00400C49,,B36,T,4885C0,test,test_11,rax,rax,1,1,N,,test,C
.text,00400C4C,,B36,T,7507,jnz,jnz_70,near ptr loc_400C51+4,,7,0,J,.CODE,jnz.CODE,C
.text,00400C4E,,B37,T,01488D,add,add_41,[rax-73h],ecx,4,1,N,,add,C
.text,00400C51,,B37,T,3D34EB32C7,cmp,cmp_15,eax,0C732EB34h,1,5,N,,cmp,C
.text,00400C56,,B37,T,45C8010000,enterq,enterq_55,1,0,5,5,N,,enterq,C
.text,00400C5B,,B37,T,00488B,add,add_41,[rax-75h],cl,4,1,N,,add,C
.text,00400C5E,,B37,T,05550A2000,add,add_15,eax,200A55h,1,5,N,,add,C
.text,00400C63,,B37,T,488B4008,mov,mov_14,rax,[rax+8],1,4,N,,mov,C
.text,00400C67,,B37,T,4889054A0A2000,mov,mov_21,cs:_1_main__opaque_list1_1,rax,2,1,N,_w.BSS,mov_w.BSS,C
.text,00400C6E,,B37,T,488B055B0A2000,mov,mov_12,rax,cs:_1_main__opaque_list2_1,1,2,N,_r.BSS,mov_r.BSS,C
.text,00400C75,,B37,T,488B4008,mov,mov_14,rax,[rax+8],1,4,N,,mov,C
.text,00400C79,,B37,T,488905500A2000,mov,mov_21,cs:_1_main__opaque_list2_1,rax,2,1,N,_w.BSS,mov_w.BSS,C
.text,00400C80,,B37,T,C745C401000000,mov,mov_45,dword ptr [rbp-3Ch],1,4,5,N,,mov,C
.text,00400C87,,B37,T,C745C001000000,mov,mov_45,dword ptr [rbp-40h],1,4,5,N,,mov,C
.text,00400C8E,,B37,T,488B05230A2000,mov,mov_12,rax,cs:_1_main__opaque_list1_1,1,2,N,_r.BSS,mov_r.BSS,C
.text,00400C95,,B37,T,488B4008,mov,mov_14,rax,[rax+8],1,4,N,,mov,C
.text,00400C99,,B37,T,488905180A2000,mov,mov_21,cs:_1_main__opaque_list1_1,rax,2,1,N,_w.BSS,mov_w.BSS,C
.text,00400CA0,,B37,T,488B05290A2000,mov,mov_12,rax,cs:_1_main__opaque_list2_1,1,2,N,_r.BSS,mov_r.BSS,C
.text,00400CA7,,B37,T,488B4008,mov,mov_14,rax,[rax+8],1,4,N,,mov,C
.text,00400CAB,,B37,T,4889051E0A2000,mov,mov_21,cs:_1_main__opaque_list2_1,rax,2,1,N,_w.BSS,mov_w.BSS,C
.text,00400CB2,,B37,T,C745BC01000000,mov,mov_45,dword ptr [rbp-44h],1,4,5,N,,mov,C
.text,00400CB9,,B37,T,C745B801000000,mov,mov_45,dword ptr [rbp-48h],1,4,5,N,,mov,C
.text,00400CC0,,B37,T,488B05F1092000,mov,mov_12,rax,cs:_1_main__opaque_list1_1,1,2,N,_r.BSS,mov_r.BSS,C
.text,00400CC7,,B37,T,488B4008,mov,mov_14,rax,[rax+8],1,4,N,,mov,C
.text,00400CCB,,B37,T,488905E6092000,mov,mov_21,cs:_1_main__opaque_list1_1,rax,2,1,N,_w.BSS,mov_w.BSS,C
.text,00400CD2,,B37,T,488B05F7092000,mov,mov_12,rax,cs:_1_main__opaque_list2_1,1,2,N,_r.BSS,mov_r.BSS,C
.text,00400CD9,,B37,T,488B4008,mov,mov_14,rax,[rax+8],1,4,N,,mov,C
.text,00400CDD,,B37,T,488905EC092000,mov,mov_21,cs:_1_main__opaque_list2_1,rax,2,1,N,_w.BSS,mov_w.BSS,C
.text,00400CE4,,B37,T,C745B401000000,mov,mov_45,dword ptr [rbp-4Ch],1,4,5,N,,mov,C
.text,00400CEB,,B37,T,488B15C6092000,mov,mov_12,rdx,cs:_1_main__opaque_list1_1,1,2,N,_r.BSS,mov_r.BSS,C
.text,00400CF2,,B37,T,488B05D7092000,mov,mov_12,rax,cs:_1_main__opaque_list2_1,1,2,N,_r.BSS,mov_r.BSS,C
.text,00400CF9,,B37,T,4839C2,cmp,cmp_11,rdx,rax,1,1,N,,cmp,C
.text,00400CFC,,B37,T,7534,jnz,jnz_70,loc_400D32,,7,0,J,.CODE,jnz.CODE,C
.text,00400CFE,,B38,T,C745B001000000,mov,mov_45,dword ptr [rbp-50h],1,4,5,N,,mov,C
.text,00400D05,,B38,T,488B05AC092000,mov,mov_12,rax,cs:_1_main__opaque_list1_1,1,2,N,_r.BSS,mov_r.BSS,C
.text,00400D0C,,B38,T,488B4008,mov,mov_14,rax,[rax+8],1,4,N,,mov,C
.text,00400D10,,B38,T,488905A1092000,mov,mov_21,cs:_1_main__opaque_list1_1,rax,2,1,N,_w.BSS,mov_w.BSS,C
.text,00400D17,,B38,T,488B05B2092000,mov,mov_12,rax,cs:_1_main__opaque_list2_1,1,2,N,_r.BSS,mov_r.BSS,C
.text,00400D1E,,B38,T,488B4008,mov,mov_14,rax,[rax+8],1,4,N,,mov,C
.text,00400D22,,B38,T,488905A7092000,mov,mov_21,cs:_1_main__opaque_list2_1,rax,2,1,N,_w.BSS,mov_w.BSS,C
.text,00400D29,,B38,T,C745AC01000000,mov,mov_45,dword ptr [rbp-54h],1,4,5,N,,mov,C
.text,00400D30,,B38,T,EB05,jmp,jmp_70,loc_400D37,,7,0,J,.CODE,jmp.CODE,C
.text,00400D32,,B39,T,B9CDCB62A0,mov,mov_15,ecx,0A062CBCDh,1,5,N,,mov,C
.text,00400D37,,B40,T,488B057A092000,mov,mov_12,rax,cs:_1_main__opaque_list1_1,1,2,N,_r.BSS,mov_r.BSS,C
.text,00400D3E,,B40,T,4885C0,test,test_11,rax,rax,1,1,N,,test,C
.text,00400D41,,B40,T,7432,jz,jz_70,loc_400D75,,7,0,J,.CODE,jz.CODE,C
.text,00400D43,,B41,T,C745A801000000,mov,mov_45,dword ptr [rbp-58h],1,4,5,N,,mov,C
.text,00400D4A,,B41,T,488B0567092000,mov,mov_12,rax,cs:_1_main__opaque_list1_1,1,2,N,_r.BSS,mov_r.BSS,C
.text,00400D51,,B41,T,488B4008,mov,mov_14,rax,[rax+8],1,4,N,,mov,C
.text,00400D55,,B41,T,4889055C092000,mov,mov_21,cs:_1_main__opaque_list1_1,rax,2,1,N,_w.BSS,mov_w.BSS,C
.text,00400D5C,,B41,T,488B056D092000,mov,mov_12,rax,cs:_1_main__opaque_list2_1,1,2,N,_r.BSS,mov_r.BSS,C
.text,00400D63,,B41,T,488B4008,mov,mov_14,rax,[rax+8],1,4,N,,mov,C
.text,00400D67,,B41,T,48890562092000,mov,mov_21,cs:_1_main__opaque_list2_1,rax,2,1,N,_w.BSS,mov_w.BSS,C
.text,00400D6E,,B41,T,C745A401000000,mov,mov_45,dword ptr [rbp-5Ch],1,4,5,N,,mov,C
.text,00400D75,,B42,T,488B153C092000,mov,mov_12,rdx,cs:_1_main__opaque_list1_1,1,2,N,_r.BSS,mov_r.BSS,C
.text,00400D7C,,B42,T,488B054D092000,mov,mov_12,rax,cs:_1_main__opaque_list2_1,1,2,N,_r.BSS,mov_r.BSS,C
.text,00400D83,,B42,T,4839C2,cmp,cmp_11,rdx,rax,1,1,N,,cmp,C
.text,00400D86,,B42,T,0F85CF000000,jnz,jnz_70,loc_400E5B,,7,0,J,.CODE,jnz.CODE,C
.text,00400D8C,,B43,T,0FB64580,movzx,movzx_14,eax,byte ptr [rbp-80h],1,4,N,,movzx,C
.text,00400D90,,B43,T,0FB6D0,movzx,movzx_11,edx,al,1,1,N,,movzx,C
.text,00400D93,,B43,T,0FB64581,movzx,movzx_14,eax,byte ptr [rbp-7Fh],1,4,N,,movzx,C
.text,00400D97,,B43,T,0FB6C0,movzx,movzx_11,eax,al,1,1,N,,movzx,C
.text,00400D9A,,B43,T,0FAFC2,imul,imul_11,eax,edx,1,1,N,,imul,C
.text,00400D9D,,B43,T,0FB65582,movzx,movzx_14,edx,byte ptr [rbp-7Eh],1,4,N,,movzx,C
.text,00400DA1,,B43,T,0FB6CA,movzx,movzx_11,ecx,dl,1,1,N,,movzx,C
.text,00400DA4,,B43,T,0FB65583,movzx,movzx_14,edx,byte ptr [rbp-7Dh],1,4,N,,movzx,C
.text,00400DA8,,B43,T,0FB6D2,movzx,movzx_11,edx,dl,1,1,N,,movzx,C
.text,00400DAB,,B43,T,01CA,add,add_11,edx,ecx,1,1,N,,add,C
.text,00400DAD,,B43,T,8D0C10,lea,lea_13,ecx,[rax+rdx],1,3,N,,lea,C
.text,00400DB0,,B43,T,0FB64584,movzx,movzx_14,eax,byte ptr [rbp-7Ch],1,4,N,,movzx,C
.text,00400DB4,,B43,T,0FB6D0,movzx,movzx_11,edx,al,1,1,N,,movzx,C
.text,00400DB7,,B43,T,0FB64585,movzx,movzx_14,eax,byte ptr [rbp-7Bh],1,4,N,,movzx,C
.text,00400DBB,,B43,T,0FB6C0,movzx,movzx_11,eax,al,1,1,N,,movzx,C
.text,00400DBE,,B43,T,8D3402,lea,lea_13,esi,[rdx+rax],1,3,N,,lea,C
.text,00400DC1,,B43,T,0FB64586,movzx,movzx_14,eax,byte ptr [rbp-7Ah],1,4,N,,movzx,C
.text,00400DC5,,B43,T,0FB6D0,movzx,movzx_11,edx,al,1,1,N,,movzx,C
.text,00400DC8,,B43,T,0FB64587,movzx,movzx_14,eax,byte ptr [rbp-79h],1,4,N,,movzx,C
.text,00400DCC,,B43,T,0FB6C0,movzx,movzx_11,eax,al,1,1,N,,movzx,C
.text,00400DCF,,B43,T,0FAFC2,imul,imul_11,eax,edx,1,1,N,,imul,C
.text,00400DD2,,B43,T,01F0,add,add_11,eax,esi,1,1,N,,add,C
.text,00400DD4,,B43,T,39C1,cmp,cmp_11,ecx,eax,1,1,N,,cmp,C
.text,00400DD6,,B43,T,7574,jnz,jnz_70,loc_400E4C,,7,0,J,.CODE,jnz.CODE,C
.text,00400DD8,,B44,T,C745A001000000,mov,mov_45,dword ptr [rbp-60h],1,4,5,N,,mov,C
.text,00400DDF,,B44,T,488B05D2082000,mov,mov_12,rax,cs:_1_main__opaque_list1_1,1,2,N,_r.BSS,mov_r.BSS,C
.text,00400DE6,,B44,T,488B4008,mov,mov_14,rax,[rax+8],1,4,N,,mov,C
.text,00400DEA,,B44,T,488905C7082000,mov,mov_21,cs:_1_main__opaque_list1_1,rax,2,1,N,_w.BSS,mov_w.BSS,C
.text,00400DF1,,B44,T,488B05D8082000,mov,mov_12,rax,cs:_1_main__opaque_list2_1,1,2,N,_r.BSS,mov_r.BSS,C
.text,00400DF8,,B44,T,488B4008,mov,mov_14,rax,[rax+8],1,4,N,,mov,C
.text,00400DFC,,B44,T,488905CD082000,mov,mov_21,cs:_1_main__opaque_list2_1,rax,2,1,N,_w.BSS,mov_w.BSS,C
.text,00400E03,,B44,T,C7459C01000000,mov,mov_45,dword ptr [rbp-64h],1,4,5,N,,mov,C
.text,00400E0A,,B44,T,C7459801000000,mov,mov_45,dword ptr [rbp-68h],1,4,5,N,,mov,C
.text,00400E11,,B44,T,488B05A0082000,mov,mov_12,rax,cs:_1_main__opaque_list1_1,1,2,N,_r.BSS,mov_r.BSS,C
.text,00400E18,,B44,T,488B4008,mov,mov_14,rax,[rax+8],1,4,N,,mov,C
.text,00400E1C,,B44,T,48890595082000,mov,mov_21,cs:_1_main__opaque_list1_1,rax,2,1,N,_w.BSS,mov_w.BSS,C
.text,00400E23,,B44,T,488B05A6082000,mov,mov_12,rax,cs:_1_main__opaque_list2_1,1,2,N,_r.BSS,mov_r.BSS,C
.text,00400E2A,,B44,T,488B4008,mov,mov_14,rax,[rax+8],1,4,N,,mov,C
.text,00400E2E,,B44,T,4889059B082000,mov,mov_21,cs:_1_main__opaque_list2_1,rax,2,1,N,_w.BSS,mov_w.BSS,C
.text,00400E35,,B44,T,C7459401000000,mov,mov_45,dword ptr [rbp-6Ch],1,4,5,N,,mov,C
.text,00400E3C,,B44,T,0FB64583,movzx,movzx_14,eax,byte ptr [rbp-7Dh],1,4,N,,movzx,C
.text,00400E40,,B44,T,0FB65587,movzx,movzx_14,edx,byte ptr [rbp-79h],1,4,N,,movzx,C
.text,00400E44,,B44,T,0FAFC2,imul,imul_11,eax,edx,1,1,N,,imul,C
.text,00400E47,,B44,T,884582,mov,mov_41,[rbp-7Eh],al,4,1,N,,mov,C
.text,00400E4A,,B44,T,EB15,jmp,jmp_70,loc_400E61,,7,0,J,.CODE,jmp.CODE,C
.text,00400E4C,,B45,T,0FB65581,movzx,movzx_14,edx,byte ptr [rbp-7Fh],1,4,N,,movzx,C
.text,00400E50,,B45,T,0FB64581,movzx,movzx_14,eax,byte ptr [rbp-7Fh],1,4,N,,movzx,C
.text,00400E54,,B45,T,01D0,add,add_11,eax,edx,1,1,N,,add,C
.text,00400E56,,B45,T,884582,mov,mov_41,[rbp-7Eh],al,4,1,N,,mov,C
.text,00400E59,,B45,T,EB06,jmp,jmp_70,loc_400E61,,7,0,J,.CODE,jmp.CODE,C
.text,00400E5B,,B46,T,E3B5,jrcxz,jrcxz_71,near ptr loc_400E11+1,,7,1,J,.CODE,jrcxz.CODE,C
.text,00400E5D,,B47,T,EF,out,out_11,dx,eax,1,1,N,,out,C
.text,00400E5E,,B47,T,53,push,push_10,rbx,,1,0,N,,push,C
.text,00400E5F,,B47,T,FFCD,dec,dec_10,ebp,,1,0,N,,dec,C
.text,00400E61,,B48,T,0FB64D87,movzx,movzx_14,ecx,byte ptr [rbp-79h],1,4,N,,movzx,C
.text,00400E65,,B48,T,0FB65582,movzx,movzx_14,edx,byte ptr [rbp-7Eh],1,4,N,,movzx,C
.text,00400E69,,B48,T,89D0,mov,mov_11,eax,edx,1,1,N,,mov,C
.text,00400E6B,,B48,T,C1E002,shl,shl_15,eax,2,1,5,N,,shl,C
.text,00400E6E,,B48,T,01D0,add,add_11,eax,edx,1,1,N,,add,C
.text,00400E70,,B48,T,01C0,add,add_11,eax,eax,1,1,N,,add,C
.text,00400E72,,B48,T,F7D8,neg,neg_10,eax,,1,0,N,,neg,C
.text,00400E74,,B48,T,29C1,sub,sub_11,ecx,eax,1,1,N,,sub,C
.text,00400E76,,B48,T,89C8,mov,mov_11,eax,ecx,1,1,N,,mov,C
.text,00400E78,,B48,T,8D50C7,lea,lea_14,edx,[rax-39h],1,4,N,,lea,C
.text,00400E7B,,B48,T,488B85E0FEFFFF,mov,mov_14,rax,[rbp-120h],1,4,N,,mov,C
.text,00400E82,,B48,T,8810,mov,mov_31,[rax],dl,3,1,N,,mov,C
.text,00400E84,,B48,T,488B85E0FEFFFF,mov,mov_14,rax,[rbp-120h],1,4,N,,mov,C
.text,00400E8B,,B48,T,4883C001,add,add_15,rax,1,1,5,N,,add,C
.text,00400E8F,,B48,T,0FB64D80,movzx,movzx_14,ecx,byte ptr [rbp-80h],1,4,N,,movzx,C
.text,00400E93,,B48,T,0FB65583,movzx,movzx_14,edx,byte ptr [rbp-7Dh],1,4,N,,movzx,C
.text,00400E97,,B48,T,01CA,add,add_11,edx,ecx,1,1,N,,add,C
.text,00400E99,,B48,T,83C280,add,add_15,edx,0FFFFFF80h,1,5,N,,add,C
.text,00400E9C,,B48,T,8810,mov,mov_31,[rax],dl,3,1,N,,mov,C
.text,00400E9E,,B48,T,488B85E0FEFFFF,mov,mov_14,rax,[rbp-120h],1,4,N,,mov,C
.text,00400EA5,,B48,T,4883C002,add,add_15,rax,2,1,5,N,,add,C
.text,00400EA9,,B48,T,0FB64D85,movzx,movzx_14,ecx,byte ptr [rbp-7Bh],1,4,N,,movzx,C
.text,00400EAD,,B48,T,0FB65584,movzx,movzx_14,edx,byte ptr [rbp-7Ch],1,4,N,,movzx,C
.text,00400EB1,,B48,T,89CE,mov,mov_11,esi,ecx,1,1,N,,mov,C
.text,00400EB3,,B48,T,29D6,sub,sub_11,esi,edx,1,1,N,,sub,C
.text,00400EB5,,B48,T,0FB64D86,movzx,movzx_14,ecx,byte ptr [rbp-7Ah],1,4,N,,movzx,C
.text,00400EB9,,B48,T,0FB65581,movzx,movzx_14,edx,byte ptr [rbp-7Fh],1,4,N,,movzx,C
.text,00400EBD,,B48,T,01CA,add,add_11,edx,ecx,1,1,N,,add,C
.text,00400EBF,,B48,T,01F2,add,add_11,edx,esi,1,1,N,,add,C
.text,00400EC1,,B48,T,83C20E,add,add_15,edx,0Eh,1,5,N,,add,C
.text,00400EC4,,B48,T,8810,mov,mov_31,[rax],dl,3,1,N,,mov,C
.text,00400EC6,,B48,T,488B85E0FEFFFF,mov,mov_14,rax,[rbp-120h],1,4,N,,mov,C
.text,00400ECD,,B48,T,488D5003,lea,lea_14,rdx,[rax+3],1,4,N,,lea,C
.text,00400ED1,,B48,T,0FB64580,movzx,movzx_14,eax,byte ptr [rbp-80h],1,4,N,,movzx,C
.text,00400ED5,,B48,T,0FB6C8,movzx,movzx_11,ecx,al,1,1,N,,movzx,C
.text,00400ED8,,B48,T,0FB64581,movzx,movzx_14,eax,byte ptr [rbp-7Fh],1,4,N,,movzx,C
.text,00400EDC,,B48,T,0FB6C0,movzx,movzx_11,eax,al,1,1,N,,movzx,C
.text,00400EDF,,B48,T,8D3401,lea,lea_13,esi,[rcx+rax],1,3,N,,lea,C
.text,00400EE2,,B48,T,0FB64582,movzx,movzx_14,eax,byte ptr [rbp-7Eh],1,4,N,,movzx,C
.text,00400EE6,,B48,T,0FB6C8,movzx,movzx_11,ecx,al,1,1,N,,movzx,C
.text,00400EE9,,B48,T,0FB64583,movzx,movzx_14,eax,byte ptr [rbp-7Dh],1,4,N,,movzx,C
.text,00400EED,,B48,T,0FB6C0,movzx,movzx_11,eax,al,1,1,N,,movzx,C
.text,00400EF0,,B48,T,0FAFC1,imul,imul_11,eax,ecx,1,1,N,,imul,C
.text,00400EF3,,B48,T,01F0,add,add_11,eax,esi,1,1,N,,add,C
.text,00400EF5,,B48,T,89C7,mov,mov_11,edi,eax,1,1,N,,mov,C
.text,00400EF7,,B48,T,0FB64584,movzx,movzx_14,eax,byte ptr [rbp-7Ch],1,4,N,,movzx,C
.text,00400EFB,,B48,T,0FB64D85,movzx,movzx_14,ecx,byte ptr [rbp-7Bh],1,4,N,,movzx,C
.text,00400EFF,,B48,T,0FAFC1,imul,imul_11,eax,ecx,1,1,N,,imul,C
.text,00400F02,,B48,T,89C6,mov,mov_11,esi,eax,1,1,N,,mov,C
.text,00400F04,,B48,T,0FB64586,movzx,movzx_14,eax,byte ptr [rbp-7Ah],1,4,N,,movzx,C
.text,00400F08,,B48,T,0FB64D87,movzx,movzx_14,ecx,byte ptr [rbp-79h],1,4,N,,movzx,C
.text,00400F0C,,B48,T,0FAFC1,imul,imul_11,eax,ecx,1,1,N,,imul,C
.text,00400F0F,,B48,T,89C1,mov,mov_11,ecx,eax,1,1,N,,mov,C
.text,00400F11,,B48,T,89F0,mov,mov_11,eax,esi,1,1,N,,mov,C
.text,00400F13,,B48,T,0FAFC1,imul,imul_11,eax,ecx,1,1,N,,imul,C
.text,00400F16,,B48,T,89C1,mov,mov_11,ecx,eax,1,1,N,,mov,C
.text,00400F18,,B48,T,89F8,mov,mov_11,eax,edi,1,1,N,,mov,C
.text,00400F1A,,B48,T,0FAFC1,imul,imul_11,eax,ecx,1,1,N,,imul,C
.text,00400F1D,,B48,T,8802,mov,mov_31,[rdx],al,3,1,N,,mov,C
.text,00400F1F,,B48,T,90,nop,nop_00,,,0,0,N,,nop,C
.text,00400F20,,B48,T,C9,leave,leave_00,,,0,0,N,,leave,C
.text,00400F21,,B48,T,C3,retn,retn_00,,,0,0,N,,retn,C
.text,00400F22,megaInit,B49,T,55,push,push_10,rbp,,1,0,N,,push,S
.text,00400F23,megaInit,B49,T,4889E5,mov,mov_11,rbp,rsp,1,1,N,,mov,C
.text,00400F26,megaInit,B49,T,5D,pop,pop_10,rbp,,1,0,N,,pop,C
.text,00400F27,megaInit,B49,T,C3,retn,retn_00,,,0,0,N,,retn,C
.text,00400F28,main,B50,T,55,push,push_10,rbp,,1,0,N,,push,S
.text,00400F29,main,B50,T,4889E5,mov,mov_11,rbp,rsp,1,1,N,,mov,C
.text,00400F2C,main,B50,T,4881EC90000000,sub,sub_15,rsp,90h,1,5,N,,sub,C
.text,00400F33,main,B50,T,897D8C,mov,mov_41,[rbp+var_74],edi,4,1,N,,mov,C
.text,00400F36,main,B50,T,48897580,mov,mov_41,[rbp+var_80],rsi,4,1,N,,mov,C
.text,00400F3A,main,B50,T,48899578FFFFFF,mov,mov_41,[rbp+var_88],rdx,4,1,N,,mov,C
.text,00400F41,main,B50,T,E8DCFFFFFF,call,call_70,megaInit,,7,0,J,.CODE,call.CODE,C
.text,00400F46,main,B50,T,8B458C,mov,mov_14,eax,[rbp+var_74],1,4,N,,mov,C
.text,00400F49,main,B50,T,890571072000,mov,mov_21,cs:_global_argc,eax,2,1,N,_w.BSS,mov_w.BSS,C
.text,00400F4F,main,B50,T,488B4580,mov,mov_14,rax,[rbp+var_80],1,4,N,,mov,C
.text,00400F53,main,B50,T,48890556072000,mov,mov_21,cs:_global_argv,rax,2,1,N,_w.BSS,mov_w.BSS,C
.text,00400F5A,main,B50,T,488B8578FFFFFF,mov,mov_14,rax,[rbp+var_88],1,4,N,,mov,C
.text,00400F61,main,B50,T,48890560072000,mov,mov_21,cs:_global_envp,rax,2,1,N,_w.BSS,mov_w.BSS,C
.text,00400F68,main,B50,T,C745F401000000,mov,mov_45,[rbp+var_C],1,4,5,N,,mov,C
.text,00400F6F,main,B50,T,C745F001000000,mov,mov_45,[rbp+var_10],1,4,5,N,,mov,C
.text,00400F76,main,B50,T,B800000000,mov,mov_15,eax,0,1,5,N,,mov,C
.text,00400F7B,main,B50,T,E830F7FFFF,call,call_70,_rand,,7,0,J,.CODE,call.CODE,C
.text,00400F80,main,B50,T,8945EC,mov,mov_41,[rbp+var_14],eax,4,1,N,,mov,C
.text,00400F83,main,B50,T,BF10000000,mov,mov_15,edi,10h,1,5,N,,mov,C
.text,00400F88,main,B50,T,E8E3F6FFFF,call,call_70,_malloc,,7,0,J,.CODE,call.CODE,C
.text,00400F8D,main,B50,T,488945E0,mov,mov_41,[rbp+var_20],rax,4,1,N,,mov,C
.text,00400F91,main,B50,T,48837DE000,cmp,cmp_45,[rbp+var_20],0,4,5,N,,cmp,C
.text,00400F96,main,B50,T,7450,jz,jz_70,loc_400FE8,,7,0,J,.CODE,jz.CODE,C
.text,00400F98,main,B51,T,488B45E0,mov,mov_14,rax,[rbp+var_20],1,4,N,,mov,C
.text,00400F9C,main,B51,T,8B55EC,mov,mov_14,edx,[rbp+var_14],1,4,N,,mov,C
.text,00400F9F,main,B51,T,8910,mov,mov_31,[rax],edx,3,1,N,,mov,C
.text,00400FA1,main,B51,T,488B0510072000,mov,mov_12,rax,cs:_1_main__opaque_list1_1,1,2,N,_r.BSS,mov_r.BSS,C
.text,00400FA8,main,B51,T,4885C0,test,test_11,rax,rax,1,1,N,,test,C
.text,00400FAB,main,B51,T,7424,jz,jz_70,loc_400FD1,,7,0,J,.CODE,jz.CODE,C
.text,00400FAD,main,B52,T,488B0504072000,mov,mov_12,rax,cs:_1_main__opaque_list1_1,1,2,N,_r.BSS,mov_r.BSS,C
.text,00400FB4,main,B52,T,488B5008,mov,mov_14,rdx,[rax+8],1,4,N,,mov,C
.text,00400FB8,main,B52,T,488B45E0,mov,mov_14,rax,[rbp+var_20],1,4,N,,mov,C
.text,00400FBC,main,B52,T,48895008,mov,mov_41,[rax+8],rdx,4,1,N,,mov,C
.text,00400FC0,main,B52,T,488B05F1062000,mov,mov_12,rax,cs:_1_main__opaque_list1_1,1,2,N,_r.BSS,mov_r.BSS,C
.text,00400FC7,main,B52,T,488B55E0,mov,mov_14,rdx,[rbp+var_20],1,4,N,,mov,C
.text,00400FCB,main,B52,T,48895008,mov,mov_41,[rax+8],rdx,4,1,N,,mov,C
.text,00400FCF,main,B52,T,EB17,jmp,jmp_70,loc_400FE8,,7,0,J,.CODE,jmp.CODE,C
.text,00400FD1,main,B53,T,488B45E0,mov,mov_14,rax,[rbp+var_20],1,4,N,,mov,C
.text,00400FD5,main,B53,T,488B55E0,mov,mov_14,rdx,[rbp+var_20],1,4,N,,mov,C
.text,00400FD9,main,B53,T,48895008,mov,mov_41,[rax+8],rdx,4,1,N,,mov,C
.text,00400FDD,main,B53,T,488B45E0,mov,mov_14,rax,[rbp+var_20],1,4,N,,mov,C
.text,00400FE1,main,B53,T,488905D0062000,mov,mov_21,cs:_1_main__opaque_list1_1,rax,2,1,N,_w.BSS,mov_w.BSS,C
.text,00400FE8,main,B54,T,B800000000,mov,mov_15,eax,0,1,5,N,,mov,C
.text,00400FED,main,B54,T,E8BEF6FFFF,call,call_70,_rand,,7,0,J,.CODE,call.CODE,C
.text,00400FF2,main,B54,T,8945DC,mov,mov_41,[rbp+var_24],eax,4,1,N,,mov,C
.text,00400FF5,main,B54,T,BF10000000,mov,mov_15,edi,10h,1,5,N,,mov,C
.text,00400FFA,main,B54,T,E871F6FFFF,call,call_70,_malloc,,7,0,J,.CODE,call.CODE,C
.text,00400FFF,main,B54,T,488945D0,mov,mov_41,[rbp+var_30],rax,4,1,N,,mov,C
.text,00401003,main,B54,T,48837DD000,cmp,cmp_45,[rbp+var_30],0,4,5,N,,cmp,C
.text,00401008,main,B54,T,7450,jz,jz_70,loc_40105A,,7,0,J,.CODE,jz.CODE,C
.text,0040100A,main,B55,T,488B45D0,mov,mov_14,rax,[rbp+var_30],1,4,N,,mov,C
.text,0040100E,main,B55,T,8B55DC,mov,mov_14,edx,[rbp+var_24],1,4,N,,mov,C
.text,00401011,main,B55,T,8910,mov,mov_31,[rax],edx,3,1,N,,mov,C
.text,00401013,main,B55,T,488B059E062000,mov,mov_12,rax,cs:_1_main__opaque_list1_1,1,2,N,_r.BSS,mov_r.BSS,C
.text,0040101A,main,B55,T,4885C0,test,test_11,rax,rax,1,1,N,,test,C
.text,0040101D,main,B55,T,7424,jz,jz_70,loc_401043,,7,0,J,.CODE,jz.CODE,C
.text,0040101F,main,B56,T,488B0592062000,mov,mov_12,rax,cs:_1_main__opaque_list1_1,1,2,N,_r.BSS,mov_r.BSS,C
.text,00401026,main,B56,T,488B5008,mov,mov_14,rdx,[rax+8],1,4,N,,mov,C
.text,0040102A,main,B56,T,488B45D0,mov,mov_14,rax,[rbp+var_30],1,4,N,,mov,C
.text,0040102E,main,B56,T,48895008,mov,mov_41,[rax+8],rdx,4,1,N,,mov,C
.text,00401032,main,B56,T,488B057F062000,mov,mov_12,rax,cs:_1_main__opaque_list1_1,1,2,N,_r.BSS,mov_r.BSS,C
.text,00401039,main,B56,T,488B55D0,mov,mov_14,rdx,[rbp+var_30],1,4,N,,mov,C
.text,0040103D,main,B56,T,48895008,mov,mov_41,[rax+8],rdx,4,1,N,,mov,C
.text,00401041,main,B56,T,EB17,jmp,jmp_70,loc_40105A,,7,0,J,.CODE,jmp.CODE,C
.text,00401043,main,B57,T,488B45D0,mov,mov_14,rax,[rbp+var_30],1,4,N,,mov,C
.text,00401047,main,B57,T,488B55D0,mov,mov_14,rdx,[rbp+var_30],1,4,N,,mov,C
.text,0040104B,main,B57,T,48895008,mov,mov_41,[rax+8],rdx,4,1,N,,mov,C
.text,0040104F,main,B57,T,488B45D0,mov,mov_14,rax,[rbp+var_30],1,4,N,,mov,C
.text,00401053,main,B57,T,4889055E062000,mov,mov_21,cs:_1_main__opaque_list1_1,rax,2,1,N,_w.BSS,mov_w.BSS,C
.text,0040105A,main,B58,T,B800000000,mov,mov_15,eax,0,1,5,N,,mov,C
.text,0040105F,main,B58,T,E84CF6FFFF,call,call_70,_rand,,7,0,J,.CODE,call.CODE,C
.text,00401064,main,B58,T,8945CC,mov,mov_41,[rbp+var_34],eax,4,1,N,,mov,C
.text,00401067,main,B58,T,BF10000000,mov,mov_15,edi,10h,1,5,N,,mov,C
.text,0040106C,main,B58,T,E8FFF5FFFF,call,call_70,_malloc,,7,0,J,.CODE,call.CODE,C
.text,00401071,main,B58,T,488945C0,mov,mov_41,[rbp+var_40],rax,4,1,N,,mov,C
.text,00401075,main,B58,T,48837DC000,cmp,cmp_45,[rbp+var_40],0,4,5,N,,cmp,C
.text,0040107A,main,B58,T,7450,jz,jz_70,loc_4010CC,,7,0,J,.CODE,jz.CODE,C
.text,0040107C,main,B59,T,488B45C0,mov,mov_14,rax,[rbp+var_40],1,4,N,,mov,C
.text,00401080,main,B59,T,8B55CC,mov,mov_14,edx,[rbp+var_34],1,4,N,,mov,C
.text,00401083,main,B59,T,8910,mov,mov_31,[rax],edx,3,1,N,,mov,C
.text,00401085,main,B59,T,488B052C062000,mov,mov_12,rax,cs:_1_main__opaque_list1_1,1,2,N,_r.BSS,mov_r.BSS,C
.text,0040108C,main,B59,T,4885C0,test,test_11,rax,rax,1,1,N,,test,C
.text,0040108F,main,B59,T,7424,jz,jz_70,loc_4010B5,,7,0,J,.CODE,jz.CODE,C
.text,00401091,main,B60,T,488B0520062000,mov,mov_12,rax,cs:_1_main__opaque_list1_1,1,2,N,_r.BSS,mov_r.BSS,C
.text,00401098,main,B60,T,488B5008,mov,mov_14,rdx,[rax+8],1,4,N,,mov,C
.text,0040109C,main,B60,T,488B45C0,mov,mov_14,rax,[rbp+var_40],1,4,N,,mov,C
.text,004010A0,main,B60,T,48895008,mov,mov_41,[rax+8],rdx,4,1,N,,mov,C
.text,004010A4,main,B60,T,488B050D062000,mov,mov_12,rax,cs:_1_main__opaque_list1_1,1,2,N,_r.BSS,mov_r.BSS,C
.text,004010AB,main,B60,T,488B55C0,mov,mov_14,rdx,[rbp+var_40],1,4,N,,mov,C
.text,004010AF,main,B60,T,48895008,mov,mov_41,[rax+8],rdx,4,1,N,,mov,C
.text,004010B3,main,B60,T,EB17,jmp,jmp_70,loc_4010CC,,7,0,J,.CODE,jmp.CODE,C
.text,004010B5,main,B61,T,488B45C0,mov,mov_14,rax,[rbp+var_40],1,4,N,,mov,C
.text,004010B9,main,B61,T,488B55C0,mov,mov_14,rdx,[rbp+var_40],1,4,N,,mov,C
.text,004010BD,main,B61,T,48895008,mov,mov_41,[rax+8],rdx,4,1,N,,mov,C
.text,004010C1,main,B61,T,488B45C0,mov,mov_14,rax,[rbp+var_40],1,4,N,,mov,C
.text,004010C5,main,B61,T,488905EC052000,mov,mov_21,cs:_1_main__opaque_list1_1,rax,2,1,N,_w.BSS,mov_w.BSS,C
.text,004010CC,main,B62,T,488B05E5052000,mov,mov_12,rax,cs:_1_main__opaque_list1_1,1,2,N,_r.BSS,mov_r.BSS,C
.text,004010D3,main,B62,T,488905F6052000,mov,mov_21,cs:_1_main__opaque_list2_1,rax,2,1,N,_w.BSS,mov_w.BSS,C
.text,004010DA,main,B62,T,C745BC01000000,mov,mov_45,[rbp+var_44],1,4,5,N,,mov,C
.text,004010E1,main,B62,T,C745B801000000,mov,mov_45,[rbp+var_48],1,4,5,N,,mov,C
.text,004010E8,main,B62,T,837D8C05,cmp,cmp_45,[rbp+var_74],5,4,5,N,,cmp,C
.text,004010EC,main,B62,T,741E,jz,jz_70,loc_40110C,,7,0,J,.CODE,jz.CODE,C
.text,004010EE,main,B63,T,BE04000000,mov,mov_15,esi,4,1,5,N,,mov,C
.text,004010F3,main,B63,T,BF80124000,mov,mov_15,edi,offset format,1,5,N,_r.DATA,mov_r.DATA,C
.text,004010F8,main,B63,T,B800000000,mov,mov_15,eax,0,1,5,N,,mov,C
.text,004010FD,main,B63,T,E82EF5FFFF,call,call_70,_printf,,7,0,J,.CODE,call.CODE,C
.text,00401102,main,B63,T,BFFFFFFFFF,mov,mov_15,edi,0FFFFFFFFh,1,5,N,,mov,C
.text,00401107,main,B63,T,E894F5FFFF,call,call_70,_exit,,7,0,J,.CODE,call.CODE,C
.text,0040110C,main,B64,T,C745FC00000000,mov,mov_45,[rbp+var_4],0,4,5,N,,mov,C
.text,00401113,main,B64,T,EB49,jmp,jmp_70,loc_40115E,,7,0,J,.CODE,jmp.CODE,C
.text,00401115,main,B65,T,8B45FC,mov,mov_14,eax,[rbp+var_4],1,4,N,,mov,C
.text,00401118,main,B65,T,4898,cdqe,cdqe_10,,,1,0,N,,cdqe,C
.text,0040111A,main,B65,T,4883C001,add,add_15,rax,1,1,5,N,,add,C
.text,0040111E,main,B65,T,488D14C500000000,lea,lea_12,rdx,ds:0[rax*8],1,2,N,,lea,C
.text,00401126,main,B65,T,488B4580,mov,mov_14,rax,[rbp+var_80],1,4,N,,mov,C
.text,0040112A,main,B65,T,4801D0,add,add_11,rax,rdx,1,1,N,,add,C
.text,0040112D,main,B65,T,488B00,mov,mov_13,rax,[rax],1,3,N,,mov,C
.text,00401130,main,B65,T,BA0A000000,mov,mov_15,edx,0Ah,1,5,N,,mov,C
.text,00401135,main,B65,T,BE00000000,mov,mov_15,esi,0,1,5,N,,mov,C
.text,0040113A,main,B65,T,4889C7,mov,mov_11,rdi,rax,1,1,N,,mov,C
.text,0040113D,main,B65,T,E83EF5FFFF,call,call_70,_strtoul,,7,0,J,.CODE,call.CODE,C
.text,00401142,main,B65,T,488945B0,mov,mov_41,[rbp+var_50],rax,4,1,N,,mov,C
.text,00401146,main,B65,T,488B45B0,mov,mov_14,rax,[rbp+var_50],1,4,N,,mov,C
.text,0040114A,main,B65,T,8845AF,mov,mov_41,[rbp+var_51],al,4,1,N,,mov,C
.text,0040114D,main,B65,T,8B45FC,mov,mov_14,eax,[rbp+var_4],1,4,N,,mov,C
.text,00401150,main,B65,T,4898,cdqe,cdqe_10,,,1,0,N,,cdqe,C
.text,00401152,main,B65,T,0FB655AF,movzx,movzx_14,edx,[rbp+var_51],1,4,N,,movzx,C
.text,00401156,main,B65,T,885405A0,mov,mov_41,[rbp+rax+var_60],dl,4,1,N,,mov,C
.text,0040115A,main,B65,T,8345FC01,add,add_45,[rbp+var_4],1,4,5,N,,add,C
.text,0040115E,main,B66,T,837DFC03,cmp,cmp_45,[rbp+var_4],3,4,5,N,,cmp,C
.text,00401162,main,B66,T,7EB1,jle,jle_70,loc_401115,,7,0,J,.CODE,jle.CODE,C
.text,00401164,main,B67,T,488D5590,lea,lea_14,rdx,[rbp+var_70],1,4,N,,lea,C
.text,00401168,main,B67,T,488D45A0,lea,lea_14,rax,[rbp+var_60],1,4,N,,lea,C
.text,0040116C,main,B67,T,4889D6,mov,mov_11,rsi,rdx,1,1,N,,mov,C
.text,0040116F,main,B67,T,4889C7,mov,mov_11,rdi,rax,1,1,N,,mov,C
.text,00401172,main,B67,T,E83FF6FFFF,call,call_70,function_1,,7,0,J,.CODE,call.CODE,C
.text,00401177,main,B67,T,0FB64591,movzx,movzx_14,eax,[rbp+var_6F],1,4,N,,movzx,C
.text,0040117B,main,B67,T,3C53,cmp,cmp_15,al,53h,1,5,N,,cmp,C
.text,0040117D,main,B67,T,750A,jnz,jnz_70,loc_401189,,7,0,J,.CODE,jnz.CODE,C
.text,0040117F,main,B68,T,BFA5124000,mov,mov_15,edi,offset s,1,5,N,_r.DATA,mov_r.DATA,C
.text,00401184,main,B68,T,E897F4FFFF,call,call_70,_puts,,7,0,J,.CODE,call.CODE,C
.text,00401189,main,B69,T,C745F800000000,mov,mov_45,[rbp+var_8],0,4,5,N,,mov,C
.text,00401190,main,B69,T,EB22,jmp,jmp_70,loc_4011B4,,7,0,J,.CODE,jmp.CODE,C
.text,00401192,main,B70,T,8B45F8,mov,mov_14,eax,[rbp+var_8],1,4,N,,mov,C
.text,00401195,main,B70,T,4898,cdqe,cdqe_10,,,1,0,N,,cdqe,C
.text,00401197,main,B70,T,0FB6440590,movzx,movzx_14,eax,[rbp+rax+var_70],1,4,N,,movzx,C
.text,0040119C,main,B70,T,0FB6C0,movzx,movzx_11,eax,al,1,1,N,,movzx,C
.text,0040119F,main,B70,T,89C6,mov,mov_11,esi,eax,1,1,N,,mov,C
.text,004011A1,main,B70,T,BFAE124000,mov,mov_15,edi,offset aU,1,5,N,_r.DATA,mov_r.DATA,C
.text,004011A6,main,B70,T,B800000000,mov,mov_15,eax,0,1,5,N,,mov,C
.text,004011AB,main,B70,T,E880F4FFFF,call,call_70,_printf,,7,0,J,.CODE,call.CODE,C
.text,004011B0,main,B70,T,8345F801,add,add_45,[rbp+var_8],1,4,5,N,,add,C
.text,004011B4,main,B71,T,837DF803,cmp,cmp_45,[rbp+var_8],3,4,5,N,,cmp,C
.text,004011B8,main,B71,T,7ED8,jle,jle_70,loc_401192,,7,0,J,.CODE,jle.CODE,C
.text,004011BA,main,B72,T,B800000000,mov,mov_15,eax,0,1,5,N,,mov,C
.text,004011BF,main,B72,T,C9,leave,leave_00,,,0,0,N,,leave,C
.text,004011C0,main,B72,T,C3,retn,retn_00,,,0,0,N,,retn,C
.text,004011D0,__libc_csu_init,B73,T,4157,push,push_10,r15,,1,0,N,,push,S
.text,004011D2,__libc_csu_init,B73,T,4189FF,mov,mov_11,r15d,edi,1,1,N,,mov,C
.text,004011D5,__libc_csu_init,B73,T,4156,push,push_10,r14,,1,0,N,,push,C
.text,004011D7,__libc_csu_init,B73,T,4989F6,mov,mov_11,r14,rsi,1,1,N,,mov,C
.text,004011DA,__libc_csu_init,B73,T,4155,push,push_10,r13,,1,0,N,,push,C
.text,004011DC,__libc_csu_init,B73,T,4989D5,mov,mov_11,r13,rdx,1,1,N,,mov,C
.text,004011DF,__libc_csu_init,B73,T,4154,push,push_10,r12,,1,0,N,,push,C
.text,004011E1,__libc_csu_init,B73,T,4C8D2548022000,lea,lea_12,r12,__frame_dummy_init_array_entry,1,2,N,_r.DATA,lea_r.DATA,C
.text,004011E8,__libc_csu_init,B73,T,55,push,push_10,rbp,,1,0,N,,push,C
.text,004011E9,__libc_csu_init,B73,T,488D2D48022000,lea,lea_12,rbp,__do_global_dtors_aux_fini_array_entry,1,2,N,_r.DATA,lea_r.DATA,C
.text,004011F0,__libc_csu_init,B73,T,53,push,push_10,rbx,,1,0,N,,push,C
.text,004011F1,__libc_csu_init,B73,T,4C29E5,sub,sub_11,rbp,r12,1,1,N,,sub,C
.text,004011F4,__libc_csu_init,B73,T,31DB,xor,xor_11,ebx,ebx,1,1,N,,xor,C
.text,004011F6,__libc_csu_init,B73,T,48C1FD03,sar,sar_15,rbp,3,1,5,N,,sar,C
.text,004011FA,__libc_csu_init,B73,T,4883EC08,sub,sub_15,rsp,8,1,5,N,,sub,C
.text,004011FE,__libc_csu_init,B73,T,E8CDF3FFFF,call,call_70,_init_proc,,7,0,J,.CODE,call.CODE,C
.text,00401203,__libc_csu_init,B73,T,4885ED,test,test_11,rbp,rbp,1,1,N,,test,C
.text,00401206,__libc_csu_init,B73,T,741E,jz,jz_70,loc_401226,,7,0,J,.CODE,jz.CODE,C
.text,00401208,__libc_csu_init,B74,T,0F1F840000000000,nop,nop_40,dword ptr [rax+rax+00000000h],,4,0,N,,nop,C
.text,00401210,__libc_csu_init,B75,T,4C89EA,mov,mov_11,rdx,r13,1,1,N,,mov,C
.text,00401213,__libc_csu_init,B75,T,4C89F6,mov,mov_11,rsi,r14,1,1,N,,mov,C
.text,00401216,__libc_csu_init,B75,T,4489FF,mov,mov_11,edi,r15d,1,1,N,,mov,C
.text,00401219,__libc_csu_init,B75,T,41FF14DC,call,call_30,qword ptr [r12+rbx*8],,3,0,J,,call,C
.text,0040121D,__libc_csu_init,B75,T,4883C301,add,add_15,rbx,1,1,5,N,,add,C
.text,00401221,__libc_csu_init,B75,T,4839EB,cmp,cmp_11,rbx,rbp,1,1,N,,cmp,C
.text,00401224,__libc_csu_init,B75,T,75EA,jnz,jnz_70,loc_401210,,7,0,J,.CODE,jnz.CODE,C
.text,00401226,__libc_csu_init,B76,T,4883C408,add,add_15,rsp,8,1,5,N,,add,C
.text,0040122A,__libc_csu_init,B76,T,5B,pop,pop_10,rbx,,1,0,N,,pop,C
.text,0040122B,__libc_csu_init,B76,T,5D,pop,pop_10,rbp,,1,0,N,,pop,C
.text,0040122C,__libc_csu_init,B76,T,415C,pop,pop_10,r12,,1,0,N,,pop,C
.text,0040122E,__libc_csu_init,B76,T,415D,pop,pop_10,r13,,1,0,N,,pop,C
.text,00401230,__libc_csu_init,B76,T,415E,pop,pop_10,r14,,1,0,N,,pop,C
.text,00401232,__libc_csu_init,B76,T,415F,pop,pop_10,r15,,1,0,N,,pop,C
.text,00401234,__libc_csu_init,B76,T,C3,retn,retn_00,,,0,0,N,,retn,C
.text,00401240,__libc_csu_fini,B77,T,F3C3,retn,retn_00,,,0,0,N,,retn,S
