Flname,FnName,Art,Max,Unq,Len,OT,Class,ObfStat
chklic_aaa.prob3,_start,43.1203831143,4.37618793455,7,12,0,norm,norm
chklic_aaa.prob3,deregister_tm_clones,57.7995731395,5.33524868132,10,14,0,norm,norm
chklic_aaa.prob3,register_tm_clones,83.9259915948,7.50472264397,11,18,1,norm,norm
chklic_aaa.prob3,__do_global_dtors_aux,42.7050707954,8.45457148764,7,8,2,norm,norm
chklic_aaa.prob3,frame_dummy,52.870806292,8.0274309682,9,12,1,norm,norm
chklic_aaa.prob3,main,211.72088057,5.28333779158,12,112,0,norm,norm
chklic_aaa.prob3,ACTIVATION_CODE_i$nit,16.0986060525,3.55159191602,4,5,0,norm,norm
chklic_aaa.prob3,EXPIRE_TIME_i$nit,27.2273452066,3.55159191602,4,15,0,norm,norm
chklic_aaa.prob3,checklicense,544.489444014,9.66291785791,19,149,3,norm,norm
chklic_aaa.prob3,renewlicense,96.0400509561,6.28110523908,13,23,0,norm,norm
chklic_aaa.prob3,megaInit,25.1427891938,6.11676071692,5,6,0,norm,norm
chklic_aaa.prob3,__libc_csu_init,122.317339912,7.17400789981,15,34,0,norm,norm
chklic_aaa.prob3,__libc_csu_fini,4.15181793146,4.15181793146,1,1,0,norm,norm
chklic_encl.prob3,_start,43.1203831143,4.37618793455,7,12,0,norm,norm
chklic_encl.prob3,deregister_tm_clones,57.7995731395,5.33524868132,10,14,0,norm,norm
chklic_encl.prob3,register_tm_clones,83.9259915948,7.50472264397,11,18,1,norm,norm
chklic_encl.prob3,__do_global_dtors_aux,42.7050707954,8.45457148764,7,8,2,norm,norm
chklic_encl.prob3,frame_dummy,52.870806292,8.0274309682,9,12,1,norm,norm
chklic_encl.prob3,main,37.0313024013,4.59055392957,6,18,0,norm,norm
chklic_encl.prob3,encodeStrings_litStr3_i$nit,16.1487824756,6.71292734044,4,4,0,norm,norm
chklic_encl.prob3,encodeStrings_litStr2_i$nit,16.1487824756,6.71292734044,4,4,0,norm,norm
chklic_encl.prob3,_1_stringEncoder,1981.86020459,8.1755716809,10,563,1,norm,norm
chklic_encl.prob3,encodeStrings_litStr4_i$nit,16.1487824756,6.71292734044,4,4,0,norm,norm
chklic_encl.prob3,EXPIRE_TIME_i$nit,27.2273452066,3.55159191602,4,15,0,norm,norm
chklic_encl.prob3,encodeStrings_litStr1_i$nit,16.1487824756,6.71292734044,4,4,0,norm,norm
chklic_encl.prob3,checklicense,116.638242869,5.29465271956,11,49,0,norm,norm
chklic_encl.prob3,ACTIVATION_CODE_i$nit,16.0986060525,3.55159191602,4,5,0,norm,norm
chklic_encl.prob3,megaInit,48.2011227457,6.11676071692,5,11,0,norm,norm
chklic_encl.prob3,renewlicense,31.4634127984,6.28110523908,6,10,0,norm,norm
chklic_encl.prob3,encodeStrings_litStr0_i$nit,16.1487824756,6.71292734044,4,4,0,norm,norm
chklic_encl.prob3,__libc_csu_init,122.317339912,7.17400789981,15,34,0,norm,norm
chklic_encl.prob3,__libc_csu_fini,4.15181793146,4.15181793146,1,1,0,norm,norm
7_1_3_constant_long_0_aaa.prob3,_start,43.1203831143,4.37618793455,7,12,0,norm,norm
7_1_3_constant_long_0_aaa.prob3,deregister_tm_clones,57.7995731395,5.33524868132,10,14,0,norm,norm
7_1_3_constant_long_0_aaa.prob3,register_tm_clones,83.9259915948,7.50472264397,11,18,1,norm,norm
7_1_3_constant_long_0_aaa.prob3,__do_global_dtors_aux,42.7050707954,8.45457148764,7,8,2,norm,norm
7_1_3_constant_long_0_aaa.prob3,frame_dummy,52.870806292,8.0274309682,9,12,1,norm,norm
7_1_3_constant_long_0_aaa.prob3,main,645.946304517,8.51844596613,19,242,1,norm,norm
7_1_3_constant_long_0_aaa.prob3,function_1,1072.70901603,9.66291785791,21,322,6,norm,norm
7_1_3_constant_long_0_aaa.prob3,megaInit,16.1487824756,6.71292734044,4,4,0,norm,norm
7_1_3_constant_long_0_aaa.prob3,__libc_csu_init,122.317339912,7.17400789981,15,34,0,norm,norm
7_1_3_constant_long_0_aaa.prob3,__libc_csu_fini,4.15181793146,4.15181793146,1,1,0,norm,norm
2_1_1_constant_char_2_encl.prob3,_start,43.1203831143,4.37618793455,7,12,0,norm,norm
2_1_1_constant_char_2_encl.prob3,deregister_tm_clones,57.7995731395,5.33524868132,10,14,0,norm,norm
2_1_1_constant_char_2_encl.prob3,register_tm_clones,83.9259915948,7.50472264397,11,18,1,norm,norm
2_1_1_constant_char_2_encl.prob3,__do_global_dtors_aux,42.7050707954,8.45457148764,7,8,2,norm,norm
2_1_1_constant_char_2_encl.prob3,frame_dummy,52.870806292,8.0274309682,9,12,1,norm,norm
2_1_1_constant_char_2_encl.prob3,encodeStrings_litStr0_i$nit,16.1487824756,6.71292734044,4,4,0,norm,norm
2_1_1_constant_char_2_encl.prob3,encodeStrings_litStr5_i$nit,16.1487824756,6.71292734044,4,4,0,norm,norm
2_1_1_constant_char_2_encl.prob3,_1_stringEncoder,1837.45430685,8.1755716809,10,522,1,norm,norm
2_1_1_constant_char_2_encl.prob3,encodeStrings_litStr1_i$nit,16.1487824756,6.71292734044,4,4,0,norm,norm
2_1_1_constant_char_2_encl.prob3,encodeStrings_litStr3_i$nit,16.1487824756,6.71292734044,4,4,0,norm,norm
2_1_1_constant_char_2_encl.prob3,megaInit,43.5894560353,6.11676071692,5,10,0,norm,norm
2_1_1_constant_char_2_encl.prob3,main,222.20654198,8.51844596613,16,81,1,norm,norm
2_1_1_constant_char_2_encl.prob3,function_1,1168.09794296,8.80976354467,23,276,3,norm,norm
2_1_1_constant_char_2_encl.prob3,encodeStrings_litStr2_i$nit,16.1487824756,6.71292734044,4,4,0,norm,norm
2_1_1_constant_char_2_encl.prob3,encodeStrings_litStr4_i$nit,16.1487824756,6.71292734044,4,4,0,norm,norm
2_1_1_constant_char_2_encl.prob3,__libc_csu_init,122.317339912,7.17400789981,15,34,0,norm,norm
2_1_1_constant_char_2_encl.prob3,__libc_csu_fini,4.15181793146,4.15181793146,1,1,0,norm,norm
7_1_3_constant_long_0_flat.prob3,_start,43.1203831143,4.37618793455,7,12,0,norm,norm
7_1_3_constant_long_0_flat.prob3,deregister_tm_clones,57.7995731395,5.33524868132,10,14,0,norm,norm
7_1_3_constant_long_0_flat.prob3,register_tm_clones,83.9259915948,7.50472264397,11,18,1,norm,norm
7_1_3_constant_long_0_flat.prob3,__do_global_dtors_aux,42.7050707954,8.45457148764,7,8,2,norm,norm
7_1_3_constant_long_0_flat.prob3,frame_dummy,52.870806292,8.0274309682,9,12,1,norm,norm
7_1_3_constant_long_0_flat.prob3,main,308.567705751,7.37811219938,16,106,0,norm,norm
7_1_3_constant_long_0_flat.prob3,megaInit,16.1487824756,6.71292734044,4,4,0,norm,norm
7_1_3_constant_long_0_flat.prob3,function_1,857.949080185,7.84798703507,20,280,1,norm,norm
7_1_3_constant_long_0_flat.prob3,__libc_csu_init,122.317339912,7.17400789981,15,34,0,norm,norm
7_1_3_constant_long_0_flat.prob3,__libc_csu_fini,4.15181793146,4.15181793146,1,1,0,norm,norm
7_1_3_constant_long_0_enca.prob3,_start,43.1203831143,4.37618793455,7,12,0,norm,norm
7_1_3_constant_long_0_enca.prob3,deregister_tm_clones,57.7995731395,5.33524868132,10,14,0,norm,norm
7_1_3_constant_long_0_enca.prob3,register_tm_clones,83.9259915948,7.50472264397,11,18,1,norm,norm
7_1_3_constant_long_0_enca.prob3,__do_global_dtors_aux,42.7050707954,8.45457148764,7,8,2,norm,norm
7_1_3_constant_long_0_enca.prob3,frame_dummy,52.870806292,8.0274309682,9,12,1,norm,norm
7_1_3_constant_long_0_enca.prob3,megaInit,16.1487824756,6.71292734044,4,4,0,norm,norm
7_1_3_constant_long_0_enca.prob3,function_1,4253.16921053,9.90582011626,23,1073,7,norm,norm
7_1_3_constant_long_0_enca.prob3,main,406.935168346,8.70208741777,19,121,2,norm,norm
7_1_3_constant_long_0_enca.prob3,__libc_csu_init,122.317339912,7.17400789981,15,34,0,norm,norm
7_1_3_constant_long_0_enca.prob3,__libc_csu_fini,4.15181793146,4.15181793146,1,1,0,norm,norm
RF-default_jmp.prob3,_start,43.1203831143,4.37618793455,7,12,0,norm,norm
RF-default_jmp.prob3,deregister_tm_clones,57.7995731395,5.33524868132,10,14,0,norm,norm
RF-default_jmp.prob3,register_tm_clones,83.9259915948,7.50472264397,11,18,1,norm,norm
RF-default_jmp.prob3,__do_global_dtors_aux,42.7050707954,8.45457148764,7,8,2,norm,norm
RF-default_jmp.prob3,frame_dummy,52.870806292,8.0274309682,9,12,1,norm,norm
RF-default_jmp.prob3,_NONAME1,1409.35060083,40.0,16,103,35,norm,norm
RF-default_jmp.prob3,SECRET_1,787.140394512,10.9506955038,16,210,3,norm,norm
RF-default_jmp.prob3,__libc_csu_init,122.317339912,7.17400789981,15,34,0,norm,norm
RF-default_jmp.prob3,__libc_csu_fini,4.15181793146,4.15181793146,1,1,0,norm,norm
2_1_1_constant_char_2.prob3,_start,43.1203831143,4.37618793455,7,12,0,norm,norm
2_1_1_constant_char_2.prob3,deregister_tm_clones,57.7995731395,5.33524868132,10,14,0,norm,norm
2_1_1_constant_char_2.prob3,register_tm_clones,83.9259915948,7.50472264397,11,18,1,norm,norm
2_1_1_constant_char_2.prob3,__do_global_dtors_aux,42.7050707954,8.45457148764,7,8,2,norm,norm
2_1_1_constant_char_2.prob3,frame_dummy,52.870806292,8.0274309682,9,12,1,norm,norm
2_1_1_constant_char_2.prob3,main,195.279002031,9.2776238471,16,59,2,norm,norm
2_1_1_constant_char_2.prob3,function_1,1255.8373577,40.0,22,267,6,norm,norm
2_1_1_constant_char_2.prob3,__libc_csu_init,122.317339912,7.17400789981,15,34,0,norm,norm
2_1_1_constant_char_2.prob3,__libc_csu_fini,4.15181793146,4.15181793146,1,1,0,norm,norm
RF-default_encl.prob3,_start,43.1203831143,4.37618793455,7,12,0,norm,norm
RF-default_encl.prob3,deregister_tm_clones,57.7995731395,5.33524868132,10,14,0,norm,norm
RF-default_encl.prob3,register_tm_clones,83.9259915948,7.50472264397,11,18,1,norm,norm
RF-default_encl.prob3,__do_global_dtors_aux,42.7050707954,8.45457148764,7,8,2,norm,norm
RF-default_encl.prob3,frame_dummy,52.870806292,8.0274309682,9,12,1,norm,norm
RF-default_encl.prob3,SECRET_1,795.811502769,10.9506955038,17,211,3,norm,norm
RF-default_encl.prob3,_1_stringEncoder,911.824258648,8.1755716809,12,260,1,norm,norm
RF-default_encl.prob3,megaInit,25.1427891938,6.11676071692,5,6,0,norm,norm
RF-default_encl.prob3,encodeStrings_litStr0_i$nit,16.1487824756,6.71292734044,4,4,0,norm,norm
RF-default_encl.prob3,encodeStrings_litStr1_i$nit,16.1487824756,6.71292734044,4,4,0,norm,norm
RF-default_encl.prob3,main,185.740134123,8.51844596613,13,71,1,norm,norm
RF-default_encl.prob3,__libc_csu_init,122.317339912,7.17400789981,15,34,0,norm,norm
RF-default_encl.prob3,__libc_csu_fini,4.15181793146,4.15181793146,1,1,0,norm,norm
test_aaa.prob3,_start,43.1203831143,4.37618793455,7,12,0,norm,norm
test_aaa.prob3,deregister_tm_clones,57.7995731395,5.33524868132,10,14,0,norm,norm
test_aaa.prob3,register_tm_clones,83.9259915948,7.50472264397,11,18,1,norm,norm
test_aaa.prob3,__do_global_dtors_aux,42.7050707954,8.45457148764,7,8,2,norm,norm
test_aaa.prob3,frame_dummy,52.870806292,8.0274309682,9,12,1,norm,norm
test_aaa.prob3,main,1372.72386081,9.66291785791,18,460,2,norm,norm
test_aaa.prob3,failed,89.4547035623,8.69519979167,11,20,1,norm,norm
test_aaa.prob3,succeeded,81.4963360341,6.42542741252,10,24,0,norm,norm
test_aaa.prob3,megaInit,16.1487824756,6.71292734044,4,4,0,norm,norm
test_aaa.prob3,__libc_csu_init,122.317339912,7.17400789981,15,34,0,norm,norm
test_aaa.prob3,__libc_csu_fini,4.15181793146,4.15181793146,1,1,0,norm,norm
1_1_0_constant_short_3_jmp.prob3,_start,43.1203831143,4.37618793455,7,12,0,norm,norm
1_1_0_constant_short_3_jmp.prob3,deregister_tm_clones,57.7995731395,5.33524868132,10,14,0,norm,norm
1_1_0_constant_short_3_jmp.prob3,register_tm_clones,83.9259915948,7.50472264397,11,18,1,norm,norm
1_1_0_constant_short_3_jmp.prob3,__do_global_dtors_aux,42.7050707954,8.45457148764,7,8,2,norm,norm
1_1_0_constant_short_3_jmp.prob3,frame_dummy,52.870806292,8.0274309682,9,12,1,norm,norm
1_1_0_constant_short_3_jmp.prob3,_NONAME1,3741.82859828,40.0,27,494,59,norm,norm
1_1_0_constant_short_3_jmp.prob3,__libc_csu_init,122.317339912,7.17400789981,15,34,0,norm,norm
1_1_0_constant_short_3_jmp.prob3,__libc_csu_fini,4.15181793146,4.15181793146,1,1,0,norm,norm
chklic_891022408_aaa.prob3,_start,43.1203831143,4.37618793455,7,12,0,norm,norm
chklic_891022408_aaa.prob3,deregister_tm_clones,57.7995731395,5.33524868132,10,14,0,norm,norm
chklic_891022408_aaa.prob3,register_tm_clones,83.9259915948,7.50472264397,11,18,1,norm,norm
chklic_891022408_aaa.prob3,__do_global_dtors_aux,42.7050707954,8.45457148764,7,8,2,norm,norm
chklic_891022408_aaa.prob3,frame_dummy,52.870806292,8.0274309682,9,12,1,norm,norm
chklic_891022408_aaa.prob3,renewlicense,117.514487567,6.42542741252,14,32,0,norm,norm
chklic_891022408_aaa.prob3,failed,87.1135830157,6.42542741252,10,28,0,norm,norm
chklic_891022408_aaa.prob3,checklicense,690.315403439,9.66291785791,19,190,4,norm,norm
chklic_891022408_aaa.prob3,main,240.054613123,5.28333779158,12,122,0,norm,norm
chklic_891022408_aaa.prob3,EXPIRE_TIME_i$nit,27.2273452066,3.55159191602,4,15,0,norm,norm
chklic_891022408_aaa.prob3,megaInit,25.1427891938,6.11676071692,5,6,0,norm,norm
chklic_891022408_aaa.prob3,ACTIVATION_CODE_i$nit,16.0986060525,3.55159191602,4,5,0,norm,norm
chklic_891022408_aaa.prob3,__libc_csu_init,122.317339912,7.17400789981,15,34,0,norm,norm
chklic_891022408_aaa.prob3,__libc_csu_fini,4.15181793146,4.15181793146,1,1,0,norm,norm
2_1_1_constant_char_2_jmp.prob3,_start,43.1203831143,4.37618793455,7,12,0,norm,norm
2_1_1_constant_char_2_jmp.prob3,deregister_tm_clones,57.7995731395,5.33524868132,10,14,0,norm,norm
2_1_1_constant_char_2_jmp.prob3,register_tm_clones,83.9259915948,7.50472264397,11,18,1,norm,norm
2_1_1_constant_char_2_jmp.prob3,__do_global_dtors_aux,42.7050707954,8.45457148764,7,8,2,norm,norm
2_1_1_constant_char_2_jmp.prob3,frame_dummy,52.870806292,8.0274309682,9,12,1,norm,norm
2_1_1_constant_char_2_jmp.prob3,_NONAME1,3724.80685038,40.0,27,337,75,norm,norm
2_1_1_constant_char_2_jmp.prob3,__libc_csu_init,122.317339912,7.17400789981,15,34,0,norm,norm
2_1_1_constant_char_2_jmp.prob3,__libc_csu_fini,4.15181793146,4.15181793146,1,1,0,norm,norm
test_enca.prob3,_start,43.1203831143,4.37618793455,7,12,0,norm,norm
test_enca.prob3,deregister_tm_clones,57.7995731395,5.33524868132,10,14,0,norm,norm
test_enca.prob3,register_tm_clones,83.9259915948,7.50472264397,11,18,1,norm,norm
test_enca.prob3,__do_global_dtors_aux,42.7050707954,8.45457148764,7,8,2,norm,norm
test_enca.prob3,frame_dummy,52.870806292,8.0274309682,9,12,1,norm,norm
test_enca.prob3,failed,26.480878819,6.28110523908,6,7,0,norm,norm
test_enca.prob3,main,393.796753282,9.55432852263,19,119,3,norm,norm
test_enca.prob3,megaInit,16.1487824756,6.71292734044,4,4,0,norm,norm
test_enca.prob3,succeeded,26.480878819,6.28110523908,6,7,0,norm,norm
test_enca.prob3,__libc_csu_init,122.317339912,7.17400789981,15,34,0,norm,norm
test_enca.prob3,__libc_csu_fini,4.15181793146,4.15181793146,1,1,0,norm,norm
test_flat.prob3,_start,43.1203831143,4.37618793455,7,12,0,norm,norm
test_flat.prob3,deregister_tm_clones,57.7995731395,5.33524868132,10,14,0,norm,norm
test_flat.prob3,register_tm_clones,83.9259915948,7.50472264397,11,18,1,norm,norm
test_flat.prob3,__do_global_dtors_aux,42.7050707954,8.45457148764,7,8,2,norm,norm
test_flat.prob3,frame_dummy,52.870806292,8.0274309682,9,12,1,norm,norm
test_flat.prob3,succeeded,58.9276460083,6.01453814696,12,17,0,norm,norm
test_flat.prob3,failed,63.3747192799,6.01453814696,11,18,0,norm,norm
test_flat.prob3,megaInit,16.1487824756,6.71292734044,4,4,0,norm,norm
test_flat.prob3,main,308.12444893,7.37811219938,14,119,0,norm,norm
test_flat.prob3,__libc_csu_init,122.317339912,7.17400789981,15,34,0,norm,norm
test_flat.prob3,__libc_csu_fini,4.15181793146,4.15181793146,1,1,0,norm,norm
test_addop.prob3,_start,43.1203831143,4.37618793455,7,12,0,norm,norm
test_addop.prob3,deregister_tm_clones,57.7995731395,5.33524868132,10,14,0,norm,norm
test_addop.prob3,register_tm_clones,83.9259915948,7.50472264397,11,18,1,norm,norm
test_addop.prob3,__do_global_dtors_aux,42.7050707954,8.45457148764,7,8,2,norm,norm
test_addop.prob3,frame_dummy,52.870806292,8.0274309682,9,12,1,norm,norm
test_addop.prob3,megaInit,16.1487824756,6.71292734044,4,4,0,norm,norm
test_addop.prob3,_NONAME1,1063.78045553,40.0,19,400,6,norm,norm
test_addop.prob3,succeeded,26.480878819,6.28110523908,6,7,0,norm,norm
test_addop.prob3,failed,26.480878819,6.28110523908,6,7,0,norm,norm
test_addop.prob3,__libc_csu_init,122.317339912,7.17400789981,15,34,0,norm,norm
test_addop.prob3,__libc_csu_fini,4.15181793146,4.15181793146,1,1,0,norm,norm
RF-default_vir.prob3,_start,43.1203831143,4.37618793455,7,12,0,norm,norm
RF-default_vir.prob3,deregister_tm_clones,57.7995731395,5.33524868132,10,14,0,norm,norm
RF-default_vir.prob3,register_tm_clones,83.9259915948,7.50472264397,11,18,1,norm,norm
RF-default_vir.prob3,__do_global_dtors_aux,42.7050707954,8.45457148764,7,8,2,norm,norm
RF-default_vir.prob3,frame_dummy,52.870806292,8.0274309682,9,12,1,norm,norm
RF-default_vir.prob3,SECRET_1,1524.59053703,7.37811219938,22,543,0,norm,norm
RF-default_vir.prob3,main,1352.51102522,6.93028463959,20,482,0,norm,norm
RF-default_vir.prob3,megaInit,16.1487824756,6.71292734044,4,4,0,norm,norm
RF-default_vir.prob3,__libc_csu_init,122.317339912,7.17400789981,15,34,0,norm,norm
RF-default_vir.prob3,__libc_csu_fini,4.15181793146,4.15181793146,1,1,0,norm,norm
1_1_0_constant_short_3_addop.prob3,_start,43.1203831143,4.37618793455,7,12,0,norm,norm
1_1_0_constant_short_3_addop.prob3,deregister_tm_clones,57.7995731395,5.33524868132,10,14,0,norm,norm
1_1_0_constant_short_3_addop.prob3,register_tm_clones,83.9259915948,7.50472264397,11,18,1,norm,norm
1_1_0_constant_short_3_addop.prob3,__do_global_dtors_aux,42.7050707954,8.45457148764,7,8,2,norm,norm
1_1_0_constant_short_3_addop.prob3,frame_dummy,52.870806292,8.0274309682,9,12,1,norm,norm
1_1_0_constant_short_3_addop.prob3,main,354.030628846,8.51844596613,16,157,1,norm,norm
1_1_0_constant_short_3_addop.prob3,_NONAME1,3800.46947535,40.0,26,967,19,norm,norm
1_1_0_constant_short_3_addop.prob3,megaInit,16.1487824756,6.71292734044,4,4,0,norm,norm
1_1_0_constant_short_3_addop.prob3,__libc_csu_init,122.317339912,7.17400789981,15,34,0,norm,norm
1_1_0_constant_short_3_addop.prob3,__libc_csu_fini,4.15181793146,4.15181793146,1,1,0,norm,norm
1_1_0_constant_short_3_vir.prob3,_start,43.1203831143,4.37618793455,7,12,0,norm,norm
1_1_0_constant_short_3_vir.prob3,deregister_tm_clones,57.7995731395,5.33524868132,10,14,0,norm,norm
1_1_0_constant_short_3_vir.prob3,register_tm_clones,83.9259915948,7.50472264397,11,18,1,norm,norm
1_1_0_constant_short_3_vir.prob3,__do_global_dtors_aux,42.7050707954,8.45457148764,7,8,2,norm,norm
1_1_0_constant_short_3_vir.prob3,frame_dummy,52.870806292,8.0274309682,9,12,1,norm,norm
1_1_0_constant_short_3_vir.prob3,function_1,2636.08480176,7.75613839453,29,932,1,norm,norm
1_1_0_constant_short_3_vir.prob3,megaInit,16.1487824756,6.71292734044,4,4,0,norm,norm
1_1_0_constant_short_3_vir.prob3,main,1467.64366671,6.93028463959,21,515,0,norm,norm
1_1_0_constant_short_3_vir.prob3,__libc_csu_init,122.317339912,7.17400789981,15,34,0,norm,norm
1_1_0_constant_short_3_vir.prob3,__libc_csu_fini,4.15181793146,4.15181793146,1,1,0,norm,norm
1_1_0_constant_short_3.prob3,_start,43.1203831143,4.37618793455,7,12,0,norm,norm
1_1_0_constant_short_3.prob3,deregister_tm_clones,57.7995731395,5.33524868132,10,14,0,norm,norm
1_1_0_constant_short_3.prob3,register_tm_clones,83.9259915948,7.50472264397,11,18,1,norm,norm
1_1_0_constant_short_3.prob3,__do_global_dtors_aux,42.7050707954,8.45457148764,7,8,2,norm,norm
1_1_0_constant_short_3.prob3,frame_dummy,52.870806292,8.0274309682,9,12,1,norm,norm
1_1_0_constant_short_3.prob3,function_1,1826.36559537,40.0,22,402,8,norm,norm
1_1_0_constant_short_3.prob3,main,195.065904621,9.2776238471,15,59,2,norm,norm
1_1_0_constant_short_3.prob3,__libc_csu_init,122.317339912,7.17400789981,15,34,0,norm,norm
1_1_0_constant_short_3.prob3,__libc_csu_fini,4.15181793146,4.15181793146,1,1,0,norm,norm
2_1_1_constant_char_2_vir.prob3,_start,43.1203831143,4.37618793455,7,12,0,norm,norm
2_1_1_constant_char_2_vir.prob3,deregister_tm_clones,57.7995731395,5.33524868132,10,14,0,norm,norm
2_1_1_constant_char_2_vir.prob3,register_tm_clones,83.9259915948,7.50472264397,11,18,1,norm,norm
2_1_1_constant_char_2_vir.prob3,__do_global_dtors_aux,42.7050707954,8.45457148764,7,8,2,norm,norm
2_1_1_constant_char_2_vir.prob3,frame_dummy,52.870806292,8.0274309682,9,12,1,norm,norm
2_1_1_constant_char_2_vir.prob3,main,1466.3059642,6.93028463959,21,515,0,norm,norm
2_1_1_constant_char_2_vir.prob3,function_1,2370.51058448,7.75613839453,27,834,1,norm,norm
2_1_1_constant_char_2_vir.prob3,megaInit,16.1487824756,6.71292734044,4,4,0,norm,norm
2_1_1_constant_char_2_vir.prob3,__libc_csu_init,122.317339912,7.17400789981,15,34,0,norm,norm
2_1_1_constant_char_2_vir.prob3,__libc_csu_fini,4.15181793146,4.15181793146,1,1,0,norm,norm
1_1_0_constant_short_3_enca.prob3,_start,43.1203831143,4.37618793455,7,12,0,norm,norm
1_1_0_constant_short_3_enca.prob3,deregister_tm_clones,57.7995731395,5.33524868132,10,14,0,norm,norm
1_1_0_constant_short_3_enca.prob3,register_tm_clones,83.9259915948,7.50472264397,11,18,1,norm,norm
1_1_0_constant_short_3_enca.prob3,__do_global_dtors_aux,42.7050707954,8.45457148764,7,8,2,norm,norm
1_1_0_constant_short_3_enca.prob3,frame_dummy,52.870806292,8.0274309682,9,12,1,norm,norm
1_1_0_constant_short_3_enca.prob3,function_1,21953.9278791,9.6603932222,27,4078,194,norm,norm
1_1_0_constant_short_3_enca.prob3,megaInit,16.1487824756,6.71292734044,4,4,0,norm,norm
1_1_0_constant_short_3_enca.prob3,main,501.400710282,8.70208741777,18,139,1,norm,norm
1_1_0_constant_short_3_enca.prob3,__libc_csu_init,122.317339912,7.17400789981,15,34,0,norm,norm
1_1_0_constant_short_3_enca.prob3,__libc_csu_fini,4.15181793146,4.15181793146,1,1,0,norm,norm
1_1_0_constant_short_3_flat.prob3,_start,43.1203831143,4.37618793455,7,12,0,norm,norm
1_1_0_constant_short_3_flat.prob3,deregister_tm_clones,57.7995731395,5.33524868132,10,14,0,norm,norm
1_1_0_constant_short_3_flat.prob3,register_tm_clones,83.9259915948,7.50472264397,11,18,1,norm,norm
1_1_0_constant_short_3_flat.prob3,__do_global_dtors_aux,42.7050707954,8.45457148764,7,8,2,norm,norm
1_1_0_constant_short_3_flat.prob3,frame_dummy,52.870806292,8.0274309682,9,12,1,norm,norm
1_1_0_constant_short_3_flat.prob3,megaInit,16.1487824756,6.71292734044,4,4,0,norm,norm
1_1_0_constant_short_3_flat.prob3,main,323.965790763,7.37811219938,18,109,0,norm,norm
1_1_0_constant_short_3_flat.prob3,function_1,1814.60490641,7.91883377594,25,432,5,norm,norm
1_1_0_constant_short_3_flat.prob3,__libc_csu_init,122.317339912,7.17400789981,15,34,0,norm,norm
1_1_0_constant_short_3_flat.prob3,__libc_csu_fini,4.15181793146,4.15181793146,1,1,0,norm,norm
test.prob3,_start,43.1203831143,4.37618793455,7,12,0,norm,norm
test.prob3,deregister_tm_clones,57.7995731395,5.33524868132,10,14,0,norm,norm
test.prob3,register_tm_clones,83.9259915948,7.50472264397,11,18,1,norm,norm
test.prob3,__do_global_dtors_aux,42.7050707954,8.45457148764,7,8,2,norm,norm
test.prob3,frame_dummy,52.870806292,8.0274309682,9,12,1,norm,norm
test.prob3,succeeded,20.8443534477,6.0573137295,5,6,0,norm,norm
test.prob3,failed,20.8443534477,6.0573137295,5,6,0,norm,norm
test.prob3,main,167.482742675,4.59055392957,10,72,0,norm,norm
test.prob3,__libc_csu_init,122.317339912,7.17400789981,15,34,0,norm,norm
test.prob3,__libc_csu_fini,4.15181793146,4.15181793146,1,1,0,norm,norm
chklic_891022408_encl.prob3,_start,43.1203831143,4.37618793455,7,12,0,norm,norm
chklic_891022408_encl.prob3,deregister_tm_clones,57.7995731395,5.33524868132,10,14,0,norm,norm
chklic_891022408_encl.prob3,register_tm_clones,83.9259915948,7.50472264397,11,18,1,norm,norm
chklic_891022408_encl.prob3,__do_global_dtors_aux,42.7050707954,8.45457148764,7,8,2,norm,norm
chklic_891022408_encl.prob3,frame_dummy,52.870806292,8.0274309682,9,12,1,norm,norm
chklic_891022408_encl.prob3,megaInit,43.5894560353,6.11676071692,5,10,0,norm,norm
chklic_891022408_encl.prob3,checklicense,125.128740259,5.29465271956,11,51,0,norm,norm
chklic_891022408_encl.prob3,_1_stringEncoder,1965.60614226,8.1755716809,12,558,1,norm,norm
chklic_891022408_encl.prob3,ACTIVATION_CODE_i$nit,16.0986060525,3.55159191602,4,5,0,norm,norm
chklic_891022408_encl.prob3,renewlicense,32.4108799632,6.28110523908,6,11,0,norm,norm
chklic_891022408_encl.prob3,encodeStrings_litStr2_i$nit,16.1487824756,6.71292734044,4,4,0,norm,norm
chklic_891022408_encl.prob3,main,38.0700241283,3.91901293659,6,19,0,norm,norm
chklic_891022408_encl.prob3,encodeStrings_litStr3_i$nit,16.1487824756,6.71292734044,4,4,0,norm,norm
chklic_891022408_encl.prob3,encodeStrings_litStr1_i$nit,16.1487824756,6.71292734044,4,4,0,norm,norm
chklic_891022408_encl.prob3,failed,32.4108799632,6.28110523908,6,11,0,norm,norm
chklic_891022408_encl.prob3,EXPIRE_TIME_i$nit,27.2273452066,3.55159191602,4,15,0,norm,norm
chklic_891022408_encl.prob3,encodeStrings_litStr0_i$nit,16.1487824756,6.71292734044,4,4,0,norm,norm
chklic_891022408_encl.prob3,__libc_csu_init,122.317339912,7.17400789981,15,34,0,norm,norm
chklic_891022408_encl.prob3,__libc_csu_fini,4.15181793146,4.15181793146,1,1,0,norm,norm
7_1_3_constant_long_0_addop.prob3,_start,43.1203831143,4.37618793455,7,12,0,norm,norm
7_1_3_constant_long_0_addop.prob3,deregister_tm_clones,57.7995731395,5.33524868132,10,14,0,norm,norm
7_1_3_constant_long_0_addop.prob3,register_tm_clones,83.9259915948,7.50472264397,11,18,1,norm,norm
7_1_3_constant_long_0_addop.prob3,__do_global_dtors_aux,42.7050707954,8.45457148764,7,8,2,norm,norm
7_1_3_constant_long_0_addop.prob3,frame_dummy,52.870806292,8.0274309682,9,12,1,norm,norm
7_1_3_constant_long_0_addop.prob3,megaInit,16.1487824756,6.71292734044,4,4,0,norm,norm
7_1_3_constant_long_0_addop.prob3,_NONAME1,1658.80890581,40.0,26,417,21,norm,norm
7_1_3_constant_long_0_addop.prob3,main,335.111213223,8.51844596613,15,154,1,norm,norm
7_1_3_constant_long_0_addop.prob3,__libc_csu_init,122.317339912,7.17400789981,15,34,0,norm,norm
7_1_3_constant_long_0_addop.prob3,__libc_csu_fini,4.15181793146,4.15181793146,1,1,0,norm,norm
RF-default_aaa.prob3,_start,43.1203831143,4.37618793455,7,12,0,norm,norm
RF-default_aaa.prob3,deregister_tm_clones,57.7995731395,5.33524868132,10,14,0,norm,norm
RF-default_aaa.prob3,register_tm_clones,83.9259915948,7.50472264397,11,18,1,norm,norm
RF-default_aaa.prob3,__do_global_dtors_aux,42.7050707954,8.45457148764,7,8,2,norm,norm
RF-default_aaa.prob3,frame_dummy,52.870806292,8.0274309682,9,12,1,norm,norm
RF-default_aaa.prob3,SECRET_1,795.811502769,10.9506955038,17,211,3,norm,norm
RF-default_aaa.prob3,main,650.589297593,9.66291785791,17,231,4,norm,norm
RF-default_aaa.prob3,megaInit,16.1487824756,6.71292734044,4,4,0,norm,norm
RF-default_aaa.prob3,__libc_csu_init,122.317339912,7.17400789981,15,34,0,norm,norm
RF-default_aaa.prob3,__libc_csu_fini,4.15181793146,4.15181793146,1,1,0,norm,norm
RF-default_flat.prob3,_start,43.1203831143,4.37618793455,7,12,0,norm,norm
RF-default_flat.prob3,deregister_tm_clones,57.7995731395,5.33524868132,10,14,0,norm,norm
RF-default_flat.prob3,register_tm_clones,83.9259915948,7.50472264397,11,18,1,norm,norm
RF-default_flat.prob3,__do_global_dtors_aux,42.7050707954,8.45457148764,7,8,2,norm,norm
RF-default_flat.prob3,frame_dummy,52.870806292,8.0274309682,9,12,1,norm,norm
RF-default_flat.prob3,megaInit,16.1487824756,6.71292734044,4,4,0,norm,norm
RF-default_flat.prob3,main,272.752743595,7.37811219938,16,95,0,norm,norm
RF-default_flat.prob3,SECRET_1,830.577440543,10.9506955038,21,221,3,norm,norm
RF-default_flat.prob3,__libc_csu_init,122.317339912,7.17400789981,15,34,0,norm,norm
RF-default_flat.prob3,__libc_csu_fini,4.15181793146,4.15181793146,1,1,0,norm,norm
RF-default_enca.prob3,_start,43.1203831143,4.37618793455,7,12,0,norm,norm
RF-default_enca.prob3,deregister_tm_clones,57.7995731395,5.33524868132,10,14,0,norm,norm
RF-default_enca.prob3,register_tm_clones,83.9259915948,7.50472264397,11,18,1,norm,norm
RF-default_enca.prob3,__do_global_dtors_aux,42.7050707954,8.45457148764,7,8,2,norm,norm
RF-default_enca.prob3,frame_dummy,52.870806292,8.0274309682,9,12,1,norm,norm
RF-default_enca.prob3,megaInit,16.1487824756,6.71292734044,4,4,0,norm,norm
RF-default_enca.prob3,main,389.556065409,8.70208741777,17,118,1,norm,norm
RF-default_enca.prob3,SECRET_1,9025.76352235,9.6603932222,17,2018,16,norm,norm
RF-default_enca.prob3,__libc_csu_init,122.317339912,7.17400789981,15,34,0,norm,norm
RF-default_enca.prob3,__libc_csu_fini,4.15181793146,4.15181793146,1,1,0,norm,norm
2_1_1_constant_char_2_flat.prob3,_start,43.1203831143,4.37618793455,7,12,0,norm,norm
2_1_1_constant_char_2_flat.prob3,deregister_tm_clones,57.7995731395,5.33524868132,10,14,0,norm,norm
2_1_1_constant_char_2_flat.prob3,register_tm_clones,83.9259915948,7.50472264397,11,18,1,norm,norm
2_1_1_constant_char_2_flat.prob3,__do_global_dtors_aux,42.7050707954,8.45457148764,7,8,2,norm,norm
2_1_1_constant_char_2_flat.prob3,frame_dummy,52.870806292,8.0274309682,9,12,1,norm,norm
2_1_1_constant_char_2_flat.prob3,megaInit,16.1487824756,6.71292734044,4,4,0,norm,norm
2_1_1_constant_char_2_flat.prob3,function_1,1261.33194839,8.63583708205,24,303,2,norm,norm
2_1_1_constant_char_2_flat.prob3,main,324.416819113,7.37811219938,19,109,0,norm,norm
2_1_1_constant_char_2_flat.prob3,__libc_csu_init,122.317339912,7.17400789981,15,34,0,norm,norm
2_1_1_constant_char_2_flat.prob3,__libc_csu_fini,4.15181793146,4.15181793146,1,1,0,norm,norm
2_1_1_constant_char_2_enca.prob3,_start,43.1203831143,4.37618793455,7,12,0,norm,norm
2_1_1_constant_char_2_enca.prob3,deregister_tm_clones,57.7995731395,5.33524868132,10,14,0,norm,norm
2_1_1_constant_char_2_enca.prob3,register_tm_clones,83.9259915948,7.50472264397,11,18,1,norm,norm
2_1_1_constant_char_2_enca.prob3,__do_global_dtors_aux,42.7050707954,8.45457148764,7,8,2,norm,norm
2_1_1_constant_char_2_enca.prob3,frame_dummy,52.870806292,8.0274309682,9,12,1,norm,norm
2_1_1_constant_char_2_enca.prob3,main,513.330928973,10.2242250541,23,127,9,norm,norm
2_1_1_constant_char_2_enca.prob3,megaInit,16.1487824756,6.71292734044,4,4,0,norm,norm
2_1_1_constant_char_2_enca.prob3,function_1,8012.49885199,9.72391455173,25,1522,119,norm,norm
2_1_1_constant_char_2_enca.prob3,__libc_csu_init,122.317339912,7.17400789981,15,34,0,norm,norm
2_1_1_constant_char_2_enca.prob3,__libc_csu_fini,4.15181793146,4.15181793146,1,1,0,norm,norm
7_1_3_constant_long_0_encl.prob3,_start,43.1203831143,4.37618793455,7,12,0,norm,norm
7_1_3_constant_long_0_encl.prob3,deregister_tm_clones,57.7995731395,5.33524868132,10,14,0,norm,norm
7_1_3_constant_long_0_encl.prob3,register_tm_clones,83.9259915948,7.50472264397,11,18,1,norm,norm
7_1_3_constant_long_0_encl.prob3,__do_global_dtors_aux,42.7050707954,8.45457148764,7,8,2,norm,norm
7_1_3_constant_long_0_encl.prob3,frame_dummy,52.870806292,8.0274309682,9,12,1,norm,norm
7_1_3_constant_long_0_encl.prob3,encodeStrings_litStr0_i$nit,16.1487824756,6.71292734044,4,4,0,norm,norm
7_1_3_constant_long_0_encl.prob3,encodeStrings_litStr5_i$nit,16.1487824756,6.71292734044,4,4,0,norm,norm
7_1_3_constant_long_0_encl.prob3,_1_stringEncoder,1858.57439914,8.1755716809,10,528,1,norm,norm
7_1_3_constant_long_0_encl.prob3,encodeStrings_litStr1_i$nit,16.1487824756,6.71292734044,4,4,0,norm,norm
7_1_3_constant_long_0_encl.prob3,encodeStrings_litStr3_i$nit,16.1487824756,6.71292734044,4,4,0,norm,norm
7_1_3_constant_long_0_encl.prob3,megaInit,43.5894560353,6.11676071692,5,10,0,norm,norm
7_1_3_constant_long_0_encl.prob3,main,205.78377989,8.51844596613,13,78,1,norm,norm
7_1_3_constant_long_0_encl.prob3,function_1,754.374353168,8.80976354467,18,249,2,norm,norm
7_1_3_constant_long_0_encl.prob3,encodeStrings_litStr2_i$nit,16.1487824756,6.71292734044,4,4,0,norm,norm
7_1_3_constant_long_0_encl.prob3,encodeStrings_litStr4_i$nit,16.1487824756,6.71292734044,4,4,0,norm,norm
7_1_3_constant_long_0_encl.prob3,__libc_csu_init,122.317339912,7.17400789981,15,34,0,norm,norm
7_1_3_constant_long_0_encl.prob3,__libc_csu_fini,4.15181793146,4.15181793146,1,1,0,norm,norm
2_1_1_constant_char_2_aaa.prob3,_start,43.1203831143,4.37618793455,7,12,0,norm,norm
2_1_1_constant_char_2_aaa.prob3,deregister_tm_clones,57.7995731395,5.33524868132,10,14,0,norm,norm
2_1_1_constant_char_2_aaa.prob3,register_tm_clones,83.9259915948,7.50472264397,11,18,1,norm,norm
2_1_1_constant_char_2_aaa.prob3,__do_global_dtors_aux,42.7050707954,8.45457148764,7,8,2,norm,norm
2_1_1_constant_char_2_aaa.prob3,frame_dummy,52.870806292,8.0274309682,9,12,1,norm,norm
2_1_1_constant_char_2_aaa.prob3,main,672.286080039,8.51844596613,19,248,1,norm,norm
2_1_1_constant_char_2_aaa.prob3,function_1,1490.70295637,9.66291785791,26,350,7,norm,norm
2_1_1_constant_char_2_aaa.prob3,megaInit,16.1487824756,6.71292734044,4,4,0,norm,norm
2_1_1_constant_char_2_aaa.prob3,__libc_csu_init,122.317339912,7.17400789981,15,34,0,norm,norm
2_1_1_constant_char_2_aaa.prob3,__libc_csu_fini,4.15181793146,4.15181793146,1,1,0,norm,norm
7_1_3_constant_long_0.prob3,_start,43.1203831143,4.37618793455,7,12,0,norm,norm
7_1_3_constant_long_0.prob3,deregister_tm_clones,57.7995731395,5.33524868132,10,14,0,norm,norm
7_1_3_constant_long_0.prob3,register_tm_clones,83.9259915948,7.50472264397,11,18,1,norm,norm
7_1_3_constant_long_0.prob3,__do_global_dtors_aux,42.7050707954,8.45457148764,7,8,2,norm,norm
7_1_3_constant_long_0.prob3,frame_dummy,52.870806292,8.0274309682,9,12,1,norm,norm
7_1_3_constant_long_0.prob3,function_1,843.095799381,40.0,17,240,4,norm,norm
7_1_3_constant_long_0.prob3,main,178.372236828,9.2776238471,14,58,2,norm,norm
7_1_3_constant_long_0.prob3,__libc_csu_init,122.317339912,7.17400789981,15,34,0,norm,norm
7_1_3_constant_long_0.prob3,__libc_csu_fini,4.15181793146,4.15181793146,1,1,0,norm,norm
chklic_891022408_jmp.prob3,_start,43.1203831143,4.37618793455,7,12,0,norm,norm
chklic_891022408_jmp.prob3,deregister_tm_clones,57.7995731395,5.33524868132,10,14,0,norm,norm
chklic_891022408_jmp.prob3,register_tm_clones,83.9259915948,7.50472264397,11,18,1,norm,norm
chklic_891022408_jmp.prob3,__do_global_dtors_aux,42.7050707954,8.45457148764,7,8,2,norm,norm
chklic_891022408_jmp.prob3,frame_dummy,52.870806292,8.0274309682,9,12,1,norm,norm
chklic_891022408_jmp.prob3,_NONAME1,412.1994275,40.0,15,64,11,norm,norm
chklic_891022408_jmp.prob3,renewlicense,20.8443534477,6.0573137295,5,6,0,norm,norm
chklic_891022408_jmp.prob3,failed,20.8443534477,6.0573137295,5,6,0,norm,norm
chklic_891022408_jmp.prob3,_NONAME2,1043.96578408,40.0,8,43,25,norm,norm
chklic_891022408_jmp.prob3,main,31.7068516971,3.91901293659,6,11,0,norm,norm
chklic_891022408_jmp.prob3,__libc_csu_init,122.317339912,7.17400789981,15,34,0,norm,norm
chklic_891022408_jmp.prob3,__libc_csu_fini,4.15181793146,4.15181793146,1,1,0,norm,norm
1_1_0_constant_short_3_aaa.prob3,_start,43.1203831143,4.37618793455,7,12,0,norm,norm
1_1_0_constant_short_3_aaa.prob3,deregister_tm_clones,57.7995731395,5.33524868132,10,14,0,norm,norm
1_1_0_constant_short_3_aaa.prob3,register_tm_clones,83.9259915948,7.50472264397,11,18,1,norm,norm
1_1_0_constant_short_3_aaa.prob3,__do_global_dtors_aux,42.7050707954,8.45457148764,7,8,2,norm,norm
1_1_0_constant_short_3_aaa.prob3,frame_dummy,52.870806292,8.0274309682,9,12,1,norm,norm
1_1_0_constant_short_3_aaa.prob3,main,672.072982629,8.51844596613,19,248,1,norm,norm
1_1_0_constant_short_3_aaa.prob3,function_1,2060.40110654,9.66291785791,27,485,10,norm,norm
1_1_0_constant_short_3_aaa.prob3,megaInit,16.1487824756,6.71292734044,4,4,0,norm,norm
1_1_0_constant_short_3_aaa.prob3,__libc_csu_init,122.317339912,7.17400789981,15,34,0,norm,norm
1_1_0_constant_short_3_aaa.prob3,__libc_csu_fini,4.15181793146,4.15181793146,1,1,0,norm,norm
chklic_addop.prob3,_start,43.1203831143,4.37618793455,7,12,0,norm,norm
chklic_addop.prob3,deregister_tm_clones,57.7995731395,5.33524868132,10,14,0,norm,norm
chklic_addop.prob3,register_tm_clones,83.9259915948,7.50472264397,11,18,1,norm,norm
chklic_addop.prob3,__do_global_dtors_aux,42.7050707954,8.45457148764,7,8,2,norm,norm
chklic_addop.prob3,frame_dummy,52.870806292,8.0274309682,9,12,1,norm,norm
chklic_addop.prob3,checklicense,95.9339104664,5.29465271956,11,35,0,norm,norm
chklic_addop.prob3,ACTIVATION_CODE_i$nit,16.0986060525,3.55159191602,4,5,0,norm,norm
chklic_addop.prob3,EXPIRE_TIME_i$nit,27.2273452066,3.55159191602,4,15,0,norm,norm
chklic_addop.prob3,megaInit,25.1427891938,6.11676071692,5,6,0,norm,norm
chklic_addop.prob3,_NONAME1,317.44737518,40.0,10,111,3,norm,norm
chklic_addop.prob3,renewlicense,26.480878819,6.28110523908,6,7,0,norm,norm
chklic_addop.prob3,__libc_csu_init,122.317339912,7.17400789981,15,34,0,norm,norm
chklic_addop.prob3,__libc_csu_fini,4.15181793146,4.15181793146,1,1,0,norm,norm
test_jmp.prob3,_start,43.1203831143,4.37618793455,7,12,0,norm,norm
test_jmp.prob3,deregister_tm_clones,57.7995731395,5.33524868132,10,14,0,norm,norm
test_jmp.prob3,register_tm_clones,83.9259915948,7.50472264397,11,18,1,norm,norm
test_jmp.prob3,__do_global_dtors_aux,42.7050707954,8.45457148764,7,8,2,norm,norm
test_jmp.prob3,frame_dummy,52.870806292,8.0274309682,9,12,1,norm,norm
test_jmp.prob3,_NONAME1,412.1994275,40.0,15,64,11,norm,norm
test_jmp.prob3,succeeded,20.8443534477,6.0573137295,5,6,0,norm,norm
test_jmp.prob3,failed,20.8443534477,6.0573137295,5,6,0,norm,norm
test_jmp.prob3,_NONAME2,1061.56820701,40.0,8,88,23,norm,norm
test_jmp.prob3,__libc_csu_init,122.317339912,7.17400789981,15,34,0,norm,norm
test_jmp.prob3,__libc_csu_fini,4.15181793146,4.15181793146,1,1,0,norm,norm
7_1_3_constant_long_0_jmp.prob3,_start,43.1203831143,4.37618793455,7,12,0,norm,norm
7_1_3_constant_long_0_jmp.prob3,deregister_tm_clones,57.7995731395,5.33524868132,10,14,0,norm,norm
7_1_3_constant_long_0_jmp.prob3,register_tm_clones,83.9259915948,7.50472264397,11,18,1,norm,norm
7_1_3_constant_long_0_jmp.prob3,__do_global_dtors_aux,42.7050707954,8.45457148764,7,8,2,norm,norm
7_1_3_constant_long_0_jmp.prob3,frame_dummy,52.870806292,8.0274309682,9,12,1,norm,norm
7_1_3_constant_long_0_jmp.prob3,_NONAME1,3868.89290065,40.0,22,321,84,norm,norm
7_1_3_constant_long_0_jmp.prob3,__libc_csu_init,122.317339912,7.17400789981,15,34,0,norm,norm
7_1_3_constant_long_0_jmp.prob3,__libc_csu_fini,4.15181793146,4.15181793146,1,1,0,norm,norm
chklic_flat.prob3,_start,43.1203831143,4.37618793455,7,12,0,norm,norm
chklic_flat.prob3,deregister_tm_clones,57.7995731395,5.33524868132,10,14,0,norm,norm
chklic_flat.prob3,register_tm_clones,83.9259915948,7.50472264397,11,18,1,norm,norm
chklic_flat.prob3,__do_global_dtors_aux,42.7050707954,8.45457148764,7,8,2,norm,norm
chklic_flat.prob3,frame_dummy,52.870806292,8.0274309682,9,12,1,norm,norm
chklic_flat.prob3,checklicense,175.932489704,8.31189978768,14,60,1,norm,norm
chklic_flat.prob3,renewlicense,58.9276460083,6.01453814696,12,17,0,norm,norm
chklic_flat.prob3,EXPIRE_TIME_i$nit,27.2273452066,3.55159191602,4,15,0,norm,norm
chklic_flat.prob3,ACTIVATION_CODE_i$nit,16.0986060525,3.55159191602,4,5,0,norm,norm
chklic_flat.prob3,megaInit,25.1427891938,6.11676071692,5,6,0,norm,norm
chklic_flat.prob3,main,72.4079638656,8.31189978768,11,28,1,norm,norm
chklic_flat.prob3,__libc_csu_init,122.317339912,7.17400789981,15,34,0,norm,norm
chklic_flat.prob3,__libc_csu_fini,4.15181793146,4.15181793146,1,1,0,norm,norm
chklic_enca.prob3,_start,43.1203831143,4.37618793455,7,12,0,norm,norm
chklic_enca.prob3,deregister_tm_clones,57.7995731395,5.33524868132,10,14,0,norm,norm
chklic_enca.prob3,register_tm_clones,83.9259915948,7.50472264397,11,18,1,norm,norm
chklic_enca.prob3,__do_global_dtors_aux,42.7050707954,8.45457148764,7,8,2,norm,norm
chklic_enca.prob3,frame_dummy,52.870806292,8.0274309682,9,12,1,norm,norm
chklic_enca.prob3,renewlicense,26.480878819,6.28110523908,6,7,0,norm,norm
chklic_enca.prob3,megaInit,25.1427891938,6.11676071692,5,6,0,norm,norm
chklic_enca.prob3,ACTIVATION_CODE_i$nit,16.0986060525,3.55159191602,4,5,0,norm,norm
chklic_enca.prob3,checklicense,224.053712941,7.14733939466,18,65,0,norm,norm
chklic_enca.prob3,main,37.0313024013,4.59055392957,6,18,0,norm,norm
chklic_enca.prob3,EXPIRE_TIME_i$nit,27.2273452066,3.55159191602,4,15,0,norm,norm
chklic_enca.prob3,__libc_csu_init,122.317339912,7.17400789981,15,34,0,norm,norm
chklic_enca.prob3,__libc_csu_fini,4.15181793146,4.15181793146,1,1,0,norm,norm
chklic_jmp.prob3,_start,43.1203831143,4.37618793455,7,12,0,norm,norm
chklic_jmp.prob3,deregister_tm_clones,57.7995731395,5.33524868132,10,14,0,norm,norm
chklic_jmp.prob3,register_tm_clones,83.9259915948,7.50472264397,11,18,1,norm,norm
chklic_jmp.prob3,__do_global_dtors_aux,42.7050707954,8.45457148764,7,8,2,norm,norm
chklic_jmp.prob3,frame_dummy,52.870806292,8.0274309682,9,12,1,norm,norm
chklic_jmp.prob3,_NONAME1,412.1994275,40.0,15,64,11,norm,norm
chklic_jmp.prob3,renewlicense,20.8443534477,6.0573137295,5,6,0,norm,norm
chklic_jmp.prob3,_NONAME2,923.965784079,40.0,8,40,22,norm,norm
chklic_jmp.prob3,main,25.6626642038,3.76471335307,5,9,0,norm,norm
chklic_jmp.prob3,__libc_csu_init,122.317339912,7.17400789981,15,34,0,norm,norm
chklic_jmp.prob3,__libc_csu_fini,4.15181793146,4.15181793146,1,1,0,norm,norm
RF-default_addop.prob3,_start,43.1203831143,4.37618793455,7,12,0,norm,norm
RF-default_addop.prob3,deregister_tm_clones,57.7995731395,5.33524868132,10,14,0,norm,norm
RF-default_addop.prob3,register_tm_clones,83.9259915948,7.50472264397,11,18,1,norm,norm
RF-default_addop.prob3,__do_global_dtors_aux,42.7050707954,8.45457148764,7,8,2,norm,norm
RF-default_addop.prob3,frame_dummy,52.870806292,8.0274309682,9,12,1,norm,norm
RF-default_addop.prob3,_NONAME1,807.149827849,12.4622516881,25,355,4,norm,norm
RF-default_addop.prob3,megaInit,16.1487824756,6.71292734044,4,4,0,norm,norm
RF-default_addop.prob3,SECRET_1,795.811502769,10.9506955038,17,211,3,norm,norm
RF-default_addop.prob3,__libc_csu_init,122.317339912,7.17400789981,15,34,0,norm,norm
RF-default_addop.prob3,__libc_csu_fini,4.15181793146,4.15181793146,1,1,0,norm,norm
1_1_0_constant_short_3_encl.prob3,_start,43.1203831143,4.37618793455,7,12,0,norm,norm
1_1_0_constant_short_3_encl.prob3,deregister_tm_clones,57.7995731395,5.33524868132,10,14,0,norm,norm
1_1_0_constant_short_3_encl.prob3,register_tm_clones,83.9259915948,7.50472264397,11,18,1,norm,norm
1_1_0_constant_short_3_encl.prob3,__do_global_dtors_aux,42.7050707954,8.45457148764,7,8,2,norm,norm
1_1_0_constant_short_3_encl.prob3,frame_dummy,52.870806292,8.0274309682,9,12,1,norm,norm
1_1_0_constant_short_3_encl.prob3,encodeStrings_litStr0_i$nit,16.1487824756,6.71292734044,4,4,0,norm,norm
1_1_0_constant_short_3_encl.prob3,encodeStrings_litStr5_i$nit,16.1487824756,6.71292734044,4,4,0,norm,norm
1_1_0_constant_short_3_encl.prob3,_1_stringEncoder,1837.45430685,8.1755716809,10,522,1,norm,norm
1_1_0_constant_short_3_encl.prob3,encodeStrings_litStr1_i$nit,16.1487824756,6.71292734044,4,4,0,norm,norm
1_1_0_constant_short_3_encl.prob3,encodeStrings_litStr3_i$nit,16.1487824756,6.71292734044,4,4,0,norm,norm
1_1_0_constant_short_3_encl.prob3,megaInit,43.5894560353,6.11676071692,5,10,0,norm,norm
1_1_0_constant_short_3_encl.prob3,main,221.993444571,8.51844596613,15,81,1,norm,norm
1_1_0_constant_short_3_encl.prob3,function_1,1738.04865857,8.80976354467,24,411,6,norm,norm
1_1_0_constant_short_3_encl.prob3,encodeStrings_litStr2_i$nit,16.1487824756,6.71292734044,4,4,0,norm,norm
1_1_0_constant_short_3_encl.prob3,encodeStrings_litStr4_i$nit,16.1487824756,6.71292734044,4,4,0,norm,norm
1_1_0_constant_short_3_encl.prob3,__libc_csu_init,122.317339912,7.17400789981,15,34,0,norm,norm
1_1_0_constant_short_3_encl.prob3,__libc_csu_fini,4.15181793146,4.15181793146,1,1,0,norm,norm
chklic_891022408_addop.prob3,_start,43.1203831143,4.37618793455,7,12,0,norm,norm
chklic_891022408_addop.prob3,deregister_tm_clones,57.7995731395,5.33524868132,10,14,0,norm,norm
chklic_891022408_addop.prob3,register_tm_clones,83.9259915948,7.50472264397,11,18,1,norm,norm
chklic_891022408_addop.prob3,__do_global_dtors_aux,42.7050707954,8.45457148764,7,8,2,norm,norm
chklic_891022408_addop.prob3,frame_dummy,52.870806292,8.0274309682,9,12,1,norm,norm
chklic_891022408_addop.prob3,ACTIVATION_CODE_i$nit,16.0986060525,3.55159191602,4,5,0,norm,norm
chklic_891022408_addop.prob3,checklicense,114.974098556,5.29465271956,11,44,0,norm,norm
chklic_891022408_addop.prob3,failed,26.480878819,6.28110523908,6,7,0,norm,norm
chklic_891022408_addop.prob3,EXPIRE_TIME_i$nit,27.2273452066,3.55159191602,4,15,0,norm,norm
chklic_891022408_addop.prob3,megaInit,25.1427891938,6.11676071692,5,6,0,norm,norm
chklic_891022408_addop.prob3,_NONAME1,786.399404368,40.0,18,266,9,norm,norm
chklic_891022408_addop.prob3,renewlicense,26.480878819,6.28110523908,6,7,0,norm,norm
chklic_891022408_addop.prob3,__libc_csu_init,122.317339912,7.17400789981,15,34,0,norm,norm
chklic_891022408_addop.prob3,__libc_csu_fini,4.15181793146,4.15181793146,1,1,0,norm,norm
7_1_3_constant_long_0_vir.prob3,_start,43.1203831143,4.37618793455,7,12,0,norm,norm
7_1_3_constant_long_0_vir.prob3,deregister_tm_clones,57.7995731395,5.33524868132,10,14,0,norm,norm
7_1_3_constant_long_0_vir.prob3,register_tm_clones,83.9259915948,7.50472264397,11,18,1,norm,norm
7_1_3_constant_long_0_vir.prob3,__do_global_dtors_aux,42.7050707954,8.45457148764,7,8,2,norm,norm
7_1_3_constant_long_0_vir.prob3,frame_dummy,52.870806292,8.0274309682,9,12,1,norm,norm
7_1_3_constant_long_0_vir.prob3,megaInit,16.1487824756,6.71292734044,4,4,0,norm,norm
7_1_3_constant_long_0_vir.prob3,function_1,1865.48974452,7.75613839453,23,666,1,norm,norm
7_1_3_constant_long_0_vir.prob3,main,1358.71494877,6.93028463959,21,476,0,norm,norm
7_1_3_constant_long_0_vir.prob3,__libc_csu_init,122.317339912,7.17400789981,15,34,0,norm,norm
7_1_3_constant_long_0_vir.prob3,__libc_csu_fini,4.15181793146,4.15181793146,1,1,0,norm,norm
chklic_891022408_enca.prob3,_start,43.1203831143,4.37618793455,7,12,0,norm,norm
chklic_891022408_enca.prob3,deregister_tm_clones,57.7995731395,5.33524868132,10,14,0,norm,norm
chklic_891022408_enca.prob3,register_tm_clones,83.9259915948,7.50472264397,11,18,1,norm,norm
chklic_891022408_enca.prob3,__do_global_dtors_aux,42.7050707954,8.45457148764,7,8,2,norm,norm
chklic_891022408_enca.prob3,frame_dummy,52.870806292,8.0274309682,9,12,1,norm,norm
chklic_891022408_enca.prob3,failed,26.480878819,6.28110523908,6,7,0,norm,norm
chklic_891022408_enca.prob3,main,38.0700241283,3.91901293659,6,19,0,norm,norm
chklic_891022408_enca.prob3,EXPIRE_TIME_i$nit,27.2273452066,3.55159191602,4,15,0,norm,norm
chklic_891022408_enca.prob3,ACTIVATION_CODE_i$nit,16.0986060525,3.55159191602,4,5,0,norm,norm
chklic_891022408_enca.prob3,checklicense,220.821972022,8.73221105278,16,67,1,norm,norm
chklic_891022408_enca.prob3,megaInit,25.1427891938,6.11676071692,5,6,0,norm,norm
chklic_891022408_enca.prob3,renewlicense,26.480878819,6.28110523908,6,7,0,norm,norm
chklic_891022408_enca.prob3,__libc_csu_init,122.317339912,7.17400789981,15,34,0,norm,norm
chklic_891022408_enca.prob3,__libc_csu_fini,4.15181793146,4.15181793146,1,1,0,norm,norm
chklic_891022408_flat.prob3,_start,43.1203831143,4.37618793455,7,12,0,norm,norm
chklic_891022408_flat.prob3,deregister_tm_clones,57.7995731395,5.33524868132,10,14,0,norm,norm
chklic_891022408_flat.prob3,register_tm_clones,83.9259915948,7.50472264397,11,18,1,norm,norm
chklic_891022408_flat.prob3,__do_global_dtors_aux,42.7050707954,8.45457148764,7,8,2,norm,norm
chklic_891022408_flat.prob3,frame_dummy,52.870806292,8.0274309682,9,12,1,norm,norm
chklic_891022408_flat.prob3,failed,58.9276460083,6.01453814696,12,17,0,norm,norm
chklic_891022408_flat.prob3,ACTIVATION_CODE_i$nit,16.0986060525,3.55159191602,4,5,0,norm,norm
chklic_891022408_flat.prob3,megaInit,25.1427891938,6.11676071692,5,6,0,norm,norm
chklic_891022408_flat.prob3,main,73.9236918398,8.31189978768,11,29,1,norm,norm
chklic_891022408_flat.prob3,renewlicense,58.9276460083,6.01453814696,12,17,0,norm,norm
chklic_891022408_flat.prob3,EXPIRE_TIME_i$nit,27.2273452066,3.55159191602,4,15,0,norm,norm
chklic_891022408_flat.prob3,checklicense,207.708760715,7.37811219938,15,73,0,norm,norm
chklic_891022408_flat.prob3,__libc_csu_init,122.317339912,7.17400789981,15,34,0,norm,norm
chklic_891022408_flat.prob3,__libc_csu_fini,4.15181793146,4.15181793146,1,1,0,norm,norm
chklic_vir.prob3,_start,43.1203831143,4.37618793455,7,12,0,norm,norm
chklic_vir.prob3,deregister_tm_clones,57.7995731395,5.33524868132,10,14,0,norm,norm
chklic_vir.prob3,register_tm_clones,83.9259915948,7.50472264397,11,18,1,norm,norm
chklic_vir.prob3,__do_global_dtors_aux,42.7050707954,8.45457148764,7,8,2,norm,norm
chklic_vir.prob3,frame_dummy,52.870806292,8.0274309682,9,12,1,norm,norm
chklic_vir.prob3,EXPIRE_TIME_i$nit,27.2273452066,3.55159191602,4,15,0,norm,norm
chklic_vir.prob3,main,358.51946693,7.37811219938,16,125,0,norm,norm
chklic_vir.prob3,megaInit,25.1427891938,6.11676071692,5,6,0,norm,norm
chklic_vir.prob3,checklicense,1004.4931431,6.19939859966,20,335,0,norm,norm
chklic_vir.prob3,renewlicense,338.524643984,7.37811219938,16,107,0,norm,norm
chklic_vir.prob3,ACTIVATION_CODE_i$nit,16.0986060525,3.55159191602,4,5,0,norm,norm
chklic_vir.prob3,__libc_csu_init,122.317339912,7.17400789981,15,34,0,norm,norm
chklic_vir.prob3,__libc_csu_fini,4.15181793146,4.15181793146,1,1,0,norm,norm
2_1_1_constant_char_2_addop.prob3,_start,43.1203831143,4.37618793455,7,12,0,norm,norm
2_1_1_constant_char_2_addop.prob3,deregister_tm_clones,57.7995731395,5.33524868132,10,14,0,norm,norm
2_1_1_constant_char_2_addop.prob3,register_tm_clones,83.9259915948,7.50472264397,11,18,1,norm,norm
2_1_1_constant_char_2_addop.prob3,__do_global_dtors_aux,42.7050707954,8.45457148764,7,8,2,norm,norm
2_1_1_constant_char_2_addop.prob3,frame_dummy,52.870806292,8.0274309682,9,12,1,norm,norm
2_1_1_constant_char_2_addop.prob3,_NONAME1,1927.63220097,40.0,27,465,11,norm,norm
2_1_1_constant_char_2_addop.prob3,main,354.243726256,8.51844596613,16,157,1,norm,norm
2_1_1_constant_char_2_addop.prob3,megaInit,16.1487824756,6.71292734044,4,4,0,norm,norm
2_1_1_constant_char_2_addop.prob3,__libc_csu_init,122.317339912,7.17400789981,15,34,0,norm,norm
2_1_1_constant_char_2_addop.prob3,__libc_csu_fini,4.15181793146,4.15181793146,1,1,0,norm,norm
RF-default.prob3,_start,43.1203831143,4.37618793455,7,12,0,norm,norm
RF-default.prob3,deregister_tm_clones,57.7995731395,5.33524868132,10,14,0,norm,norm
RF-default.prob3,register_tm_clones,83.9259915948,7.50472264397,11,18,1,norm,norm
RF-default.prob3,__do_global_dtors_aux,42.7050707954,8.45457148764,7,8,2,norm,norm
RF-default.prob3,frame_dummy,52.870806292,8.0274309682,9,12,1,norm,norm
RF-default.prob3,main,164.552542659,9.2776238471,13,53,2,norm,norm
RF-default.prob3,SECRET_1,787.140394512,10.9506955038,16,210,3,norm,norm
RF-default.prob3,__libc_csu_init,122.317339912,7.17400789981,15,34,0,norm,norm
RF-default.prob3,__libc_csu_fini,4.15181793146,4.15181793146,1,1,0,norm,norm
chklic.prob3,_start,43.1203831143,4.37618793455,7,12,0,norm,norm
chklic.prob3,deregister_tm_clones,57.7995731395,5.33524868132,10,14,0,norm,norm
chklic.prob3,register_tm_clones,83.9259915948,7.50472264397,11,18,1,norm,norm
chklic.prob3,__do_global_dtors_aux,42.7050707954,8.45457148764,7,8,2,norm,norm
chklic.prob3,frame_dummy,52.870806292,8.0274309682,9,12,1,norm,norm
chklic.prob3,renewlicense,20.8443534477,6.0573137295,5,6,0,norm,norm
chklic.prob3,checklicense,97.3399149427,5.29465342914,11,35,0,norm,norm
chklic.prob3,main,18.5184558905,3.76471335307,5,6,0,norm,norm
chklic.prob3,__libc_csu_init,122.317339912,7.17400789981,15,34,0,norm,norm
chklic.prob3,__libc_csu_fini,4.15181793146,4.15181793146,1,1,0,norm,norm
test_encl.prob3,_start,43.1203831143,4.37618793455,7,12,0,norm,norm
test_encl.prob3,deregister_tm_clones,57.7995731395,5.33524868132,10,14,0,norm,norm
test_encl.prob3,register_tm_clones,83.9259915948,7.50472264397,11,18,1,norm,norm
test_encl.prob3,__do_global_dtors_aux,42.7050707954,8.45457148764,7,8,2,norm,norm
test_encl.prob3,frame_dummy,52.870806292,8.0274309682,9,12,1,norm,norm
test_encl.prob3,encodeStrings_litStr0_i$nit,16.1487824756,6.71292734044,4,4,0,norm,norm
test_encl.prob3,encodeStrings_litStr9_i$nit,16.1487824756,6.71292734044,4,4,0,norm,norm
test_encl.prob3,encodeStrings_litStr2_i$nit,16.1487824756,6.71292734044,4,4,0,norm,norm
test_encl.prob3,encodeStrings_litStr6_i$nit,16.1487824756,6.71292734044,4,4,0,norm,norm
test_encl.prob3,encodeStrings_litStr3_i$nit,16.1487824756,6.71292734044,4,4,0,norm,norm
test_encl.prob3,megaInit,75.8711230079,6.11676071692,5,17,0,norm,norm
test_encl.prob3,encodeStrings_litStr5_i$nit,16.1487824756,6.71292734044,4,4,0,norm,norm
test_encl.prob3,failed,31.4634127984,6.28110523908,6,10,0,norm,norm
test_encl.prob3,succeeded,31.4634127984,6.28110523908,6,10,0,norm,norm
test_encl.prob3,encodeStrings_litStr8_i$nit,16.1487824756,6.71292734044,4,4,0,norm,norm
test_encl.prob3,encodeStrings_litStr12_i$nit,16.1487824756,6.71292734044,4,4,0,norm,norm
test_encl.prob3,main,255.590573468,5.28333831702,10,118,0,norm,norm
test_encl.prob3,encodeStrings_litStr10_i$nit,16.1487824756,6.71292734044,4,4,0,norm,norm
test_encl.prob3,_1_stringEncoder,2685.18114463,8.1755716809,10,763,1,norm,norm
test_encl.prob3,encodeStrings_litStr1_i$nit,16.1487824756,6.71292734044,4,4,0,norm,norm
test_encl.prob3,encodeStrings_litStr4_i$nit,16.1487824756,6.71292734044,4,4,0,norm,norm
test_encl.prob3,encodeStrings_litStr7_i$nit,16.1487824756,6.71292734044,4,4,0,norm,norm
test_encl.prob3,encodeStrings_litStr11_i$nit,16.1487824756,6.71292734044,4,4,0,norm,norm
test_encl.prob3,__libc_csu_init,122.317339912,7.17400789981,15,34,0,norm,norm
test_encl.prob3,__libc_csu_fini,4.15181793146,4.15181793146,1,1,0,norm,norm
chklic_891022408_vir.prob3,_start,43.1203831143,4.37618793455,7,12,0,norm,norm
chklic_891022408_vir.prob3,deregister_tm_clones,57.7995731395,5.33524868132,10,14,0,norm,norm
chklic_891022408_vir.prob3,register_tm_clones,83.9259915948,7.50472264397,11,18,1,norm,norm
chklic_891022408_vir.prob3,__do_global_dtors_aux,42.7050707954,8.45457148764,7,8,2,norm,norm
chklic_891022408_vir.prob3,frame_dummy,52.870806292,8.0274309682,9,12,1,norm,norm
chklic_891022408_vir.prob3,EXPIRE_TIME_i$nit,27.2273452066,3.55159191602,4,15,0,norm,norm
chklic_891022408_vir.prob3,failed,362.522314077,7.37811219938,16,118,0,norm,norm
chklic_891022408_vir.prob3,main,333.766588966,5.97526174974,16,114,0,norm,norm
chklic_891022408_vir.prob3,ACTIVATION_CODE_i$nit,16.0986060525,3.55159191602,4,5,0,norm,norm
chklic_891022408_vir.prob3,renewlicense,362.522314077,7.37811219938,16,118,0,norm,norm
chklic_891022408_vir.prob3,checklicense,1256.24388257,6.19939859966,20,432,0,norm,norm
chklic_891022408_vir.prob3,megaInit,25.1427891938,6.11676071692,5,6,0,norm,norm
chklic_891022408_vir.prob3,__libc_csu_init,122.317339912,7.17400789981,15,34,0,norm,norm
chklic_891022408_vir.prob3,__libc_csu_fini,4.15181793146,4.15181793146,1,1,0,norm,norm
test_vir.prob3,_start,43.1203831143,4.37618793455,7,12,0,norm,norm
test_vir.prob3,deregister_tm_clones,57.7995731395,5.33524868132,10,14,0,norm,norm
test_vir.prob3,register_tm_clones,83.9259915948,7.50472264397,11,18,1,norm,norm
test_vir.prob3,__do_global_dtors_aux,42.7050707954,8.45457148764,7,8,2,norm,norm
test_vir.prob3,frame_dummy,52.870806292,8.0274309682,9,12,1,norm,norm
test_vir.prob3,succeeded,338.524643984,7.37811219938,16,107,0,norm,norm
test_vir.prob3,main,1327.90679801,5.97526174974,19,442,0,norm,norm
test_vir.prob3,failed,338.30089977,7.37811219938,16,107,0,norm,norm
test_vir.prob3,megaInit,16.1487824756,6.71292734044,4,4,0,norm,norm
test_vir.prob3,__libc_csu_init,122.317339912,7.17400789981,15,34,0,norm,norm
test_vir.prob3,__libc_csu_fini,4.15181793146,4.15181793146,1,1,0,norm,norm
chklic_891022408.prob3,_start,43.1203831143,4.37618793455,7,12,0,norm,norm
chklic_891022408.prob3,deregister_tm_clones,57.7995731395,5.33524868132,10,14,0,norm,norm
chklic_891022408.prob3,register_tm_clones,83.9259915948,7.50472264397,11,18,1,norm,norm
chklic_891022408.prob3,__do_global_dtors_aux,42.7050707954,8.45457148764,7,8,2,norm,norm
chklic_891022408.prob3,frame_dummy,52.870806292,8.0274309682,9,12,1,norm,norm
chklic_891022408.prob3,renewlicense,20.8443534477,6.0573137295,5,6,0,norm,norm
chklic_891022408.prob3,failed,20.8443534477,6.0573137295,5,6,0,norm,norm
chklic_891022408.prob3,checklicense,115.189619088,5.29465342914,11,44,0,norm,norm
chklic_891022408.prob3,main,25.1737069583,3.91901293659,6,8,0,norm,norm
chklic_891022408.prob3,__libc_csu_init,122.317339912,7.17400789981,15,34,0,norm,norm
chklic_891022408.prob3,__libc_csu_fini,4.15181793146,4.15181793146,1,1,0,norm,norm
