.text,004006A0,_start,B0,T,31ED,xor,xor_11,ebp,ebp,1,1,N,,xor,S
.text,004006A2,_start,B0,T,4989D1,mov,mov_11,r9,rdx,1,1,N,,mov,C
.text,004006A5,_start,B0,T,5E,pop,pop_10,rsi,,1,0,N,,pop,C
.text,004006A6,_start,B0,T,4889E2,mov,mov_11,rdx,rsp,1,1,N,,mov,C
.text,004006A9,_start,B0,T,4883E4F0,and,and_15,rsp,0FFFFFFFFFFFFFFF0h,1,5,N,,and,C
.text,004006AD,_start,B0,T,50,push,push_10,rax,,1,0,N,,push,C
.text,004006AE,_start,B0,T,54,push,push_10,rsp,,1,0,N,,push,C
.text,004006AF,_start,B0,T,49C7C0B0104000,mov,mov_15,r8,offset __libc_csu_fini,1,5,N,_r.CODE,mov_r.CODE,C
.text,004006B6,_start,B0,T,48C7C140104000,mov,mov_15,rcx,offset __libc_csu_init,1,5,N,_r.CODE,mov_r.CODE,C
.text,004006BD,_start,B0,T,48C7C796074000,mov,mov_15,rdi,offset main,1,5,N,_r.CODE,mov_r.CODE,C
.text,004006C4,_start,B0,T,E867FFFFFF,call,call_70,___libc_start_main,,7,0,J,.CODE,call.CODE,C
.text,004006C9,_start,B0,T,F4,hlt,hlt_00,,,0,0,N,,hlt,C
.text,004006D0,deregister_tm_clones,B1,T,B8B7156000,mov,mov_15,eax,offset unk_6015B7,1,5,N,_r.BSS,mov_r.BSS,S
.text,004006D5,deregister_tm_clones,B1,T,55,push,push_10,rbp,,1,0,N,,push,C
.text,004006D6,deregister_tm_clones,B1,T,482DB0156000,sub,sub_15,rax,offset __bss_start,1,5,N,_r.BSS,sub_r.BSS,C
.text,004006DC,deregister_tm_clones,B1,T,4883F80E,cmp,cmp_15,rax,0Eh,1,5,N,,cmp,C
.text,004006E0,deregister_tm_clones,B1,T,4889E5,mov,mov_11,rbp,rsp,1,1,N,,mov,C
.text,004006E3,deregister_tm_clones,B1,T,761B,jbe,jbe_70,loc_400700,,7,0,J,.CODE,jbe.CODE,C
.text,004006E5,deregister_tm_clones,B2,T,B800000000,mov,mov_15,eax,0,1,5,N,,mov,C
.text,004006EA,deregister_tm_clones,B2,T,4885C0,test,test_11,rax,rax,1,1,N,,test,C
.text,004006ED,deregister_tm_clones,B2,T,7411,jz,jz_70,loc_400700,,7,0,J,.CODE,jz.CODE,C
.text,004006EF,deregister_tm_clones,B3,T,5D,pop,pop_10,rbp,,1,0,N,,pop,C
.text,004006F0,deregister_tm_clones,B3,T,BFB0156000,mov,mov_15,edi,offset __bss_start,1,5,N,_r.BSS,mov_r.BSS,C
.text,004006F5,deregister_tm_clones,B3,T,FFE0,jmp,jmp_10,rax,,1,0,J,,jmp,C
.text,00400700,deregister_tm_clones,B4,T,5D,pop,pop_10,rbp,,1,0,N,,pop,C
.text,00400701,deregister_tm_clones,B4,T,C3,retn,retn_00,,,0,0,N,,retn,C
.text,00400710,register_tm_clones,B5,T,BEB0156000,mov,mov_15,esi,offset __bss_start,1,5,N,_r.BSS,mov_r.BSS,S
.text,00400715,register_tm_clones,B5,T,55,push,push_10,rbp,,1,0,N,,push,C
.text,00400716,register_tm_clones,B5,T,4881EEB0156000,sub,sub_15,rsi,offset __bss_start,1,5,N,_r.BSS,sub_r.BSS,C
.text,0040071D,register_tm_clones,B5,T,48C1FE03,sar,sar_15,rsi,3,1,5,N,,sar,C
.text,00400721,register_tm_clones,B5,T,4889E5,mov,mov_11,rbp,rsp,1,1,N,,mov,C
.text,00400724,register_tm_clones,B5,T,4889F0,mov,mov_11,rax,rsi,1,1,N,,mov,C
.text,00400727,register_tm_clones,B5,T,48C1E83F,shr,shr_15,rax,3Fh,1,5,N,,shr,C
.text,0040072B,register_tm_clones,B5,T,4801C6,add,add_11,rsi,rax,1,1,N,,add,C
.text,0040072E,register_tm_clones,B5,T,48D1FE,sar,sar_15,rsi,1,1,5,N,,sar,C
.text,00400731,register_tm_clones,B5,T,7415,jz,jz_70,loc_400748,,7,0,J,.CODE,jz.CODE,C
.text,00400733,register_tm_clones,B6,T,B800000000,mov,mov_15,eax,0,1,5,N,,mov,C
.text,00400738,register_tm_clones,B6,T,4885C0,test,test_11,rax,rax,1,1,N,,test,C
.text,0040073B,register_tm_clones,B6,T,740B,jz,jz_70,loc_400748,,7,0,J,.CODE,jz.CODE,C
.text,0040073D,register_tm_clones,B7,T,5D,pop,pop_10,rbp,,1,0,N,,pop,C
.text,0040073E,register_tm_clones,B7,T,BFB0156000,mov,mov_15,edi,offset __bss_start,1,5,N,_r.BSS,mov_r.BSS,C
.text,00400743,register_tm_clones,B7,T,FFE0,jmp,jmp_10,rax,,1,0,J,,jmp,C
.text,00400748,register_tm_clones,B8,T,5D,pop,pop_10,rbp,,1,0,N,,pop,C
.text,00400749,register_tm_clones,B8,T,C3,retn,retn_00,,,0,0,N,,retn,C
.text,00400750,__do_global_dtors_aux,B9,T,803D590E200000,cmp,cmp_25,cs:__bss_start,0,2,5,N,_r.BSS,cmp_r.BSS,S
.text,00400757,__do_global_dtors_aux,B9,T,7511,jnz,jnz_70,locret_40076A,,7,0,J,.CODE,jnz.CODE,C
.text,00400759,__do_global_dtors_aux,B10,T,55,push,push_10,rbp,,1,0,N,,push,C
.text,0040075A,__do_global_dtors_aux,B10,T,4889E5,mov,mov_11,rbp,rsp,1,1,N,,mov,C
.text,0040075D,__do_global_dtors_aux,B10,T,E86EFFFFFF,call,call_70,deregister_tm_clones,,7,0,J,.CODE,call.CODE,C
.text,00400762,__do_global_dtors_aux,B10,T,5D,pop,pop_10,rbp,,1,0,N,,pop,C
.text,00400763,__do_global_dtors_aux,B10,T,C605460E200001,mov,mov_25,cs:__bss_start,1,2,5,N,_w.BSS,mov_w.BSS,C
.text,0040076A,__do_global_dtors_aux,B11,T,F3C3,retn,retn_00,,,0,0,N,,retn,C
.text,00400770,frame_dummy,B12,T,BFA8126000,mov,mov_15,edi,offset __JCR_LIST__,1,5,N,_r.DATA,mov_r.DATA,S
.text,00400775,frame_dummy,B12,T,48833F00,cmp,cmp_35,qword ptr [rdi],0,3,5,N,,cmp,C
.text,00400779,frame_dummy,B12,T,7505,jnz,jnz_70,loc_400780,,7,0,J,.CODE,jnz.CODE,C
.text,0040077B,frame_dummy,B13,T,EB93,jmp,jmp_70,register_tm_clones,,7,0,J,.CODE,jmp.CODE,C
.text,00400780,frame_dummy,B14,T,B800000000,mov,mov_15,eax,0,1,5,N,,mov,C
.text,00400785,frame_dummy,B14,T,4885C0,test,test_11,rax,rax,1,1,N,,test,C
.text,00400788,frame_dummy,B14,T,74F1,jz,jz_70,loc_40077B,,7,0,J,.CODE,jz.CODE,C
.text,0040078A,frame_dummy,B15,T,55,push,push_10,rbp,,1,0,N,,push,C
.text,0040078B,frame_dummy,B15,T,4889E5,mov,mov_11,rbp,rsp,1,1,N,,mov,C
.text,0040078E,frame_dummy,B15,T,FFD0,call,call_10,rax,,1,0,J,,call,C
.text,00400790,frame_dummy,B15,T,5D,pop,pop_10,rbp,,1,0,N,,pop,C
.text,00400791,frame_dummy,B15,T,E97AFFFFFF,jmp,jmp_70,register_tm_clones,,7,0,J,.CODE,jmp.CODE,C
.text,00400796,main,B16,T,55,push,push_10,rbp,,1,0,N,,push,S
.text,00400797,main,B16,T,4889E5,mov,mov_11,rbp,rsp,1,1,N,,mov,C
.text,0040079A,main,B16,T,4881EC90000000,sub,sub_15,rsp,90h,1,5,N,,sub,C
.text,004007A1,main,B16,T,897D8C,mov,mov_41,[rbp+var_74],edi,4,1,N,,mov,C
.text,004007A4,main,B16,T,48897580,mov,mov_41,[rbp+var_80],rsi,4,1,N,,mov,C
.text,004007A8,main,B16,T,48899578FFFFFF,mov,mov_41,[rbp+var_88],rdx,4,1,N,,mov,C
.text,004007AF,main,B16,T,E881080000,call,call_70,megaInit,,7,0,J,.CODE,call.CODE,C
.text,004007B4,main,B16,T,8B458C,mov,mov_14,eax,[rbp+var_74],1,4,N,,mov,C
.text,004007B7,main,B16,T,89050B0E2000,mov,mov_21,cs:_global_argc,eax,2,1,N,_w.BSS,mov_w.BSS,C
.text,004007BD,main,B16,T,488B4580,mov,mov_14,rax,[rbp+var_80],1,4,N,,mov,C
.text,004007C1,main,B16,T,488905F00D2000,mov,mov_21,cs:_global_argv,rax,2,1,N,_w.BSS,mov_w.BSS,C
.text,004007C8,main,B16,T,488B8578FFFFFF,mov,mov_14,rax,[rbp+var_88],1,4,N,,mov,C
.text,004007CF,main,B16,T,488905FA0D2000,mov,mov_21,cs:_global_envp,rax,2,1,N,_w.BSS,mov_w.BSS,C
.text,004007D6,main,B16,T,C745F801000000,mov,mov_45,[rbp+var_8],1,4,5,N,,mov,C
.text,004007DD,main,B16,T,C745F401000000,mov,mov_45,[rbp+var_C],1,4,5,N,,mov,C
.text,004007E4,main,B16,T,B800000000,mov,mov_15,eax,0,1,5,N,,mov,C
.text,004007E9,main,B16,T,E8A2FEFFFF,call,call_70,_rand,,7,0,J,.CODE,call.CODE,C
.text,004007EE,main,B16,T,8945F0,mov,mov_41,[rbp+var_10],eax,4,1,N,,mov,C
.text,004007F1,main,B16,T,BF10000000,mov,mov_15,edi,10h,1,5,N,,mov,C
.text,004007F6,main,B16,T,E855FEFFFF,call,call_70,_malloc,,7,0,J,.CODE,call.CODE,C
.text,004007FB,main,B16,T,488945E8,mov,mov_41,[rbp+var_18],rax,4,1,N,,mov,C
.text,004007FF,main,B16,T,48837DE800,cmp,cmp_45,[rbp+var_18],0,4,5,N,,cmp,C
.text,00400804,main,B16,T,7450,jz,jz_70,loc_400856,,7,0,J,.CODE,jz.CODE,C
.text,00400806,main,B17,T,488B45E8,mov,mov_14,rax,[rbp+var_18],1,4,N,,mov,C
.text,0040080A,main,B17,T,8B55F0,mov,mov_14,edx,[rbp+var_10],1,4,N,,mov,C
.text,0040080D,main,B17,T,8910,mov,mov_31,[rax],edx,3,1,N,,mov,C
.text,0040080F,main,B17,T,488B05AA0D2000,mov,mov_12,rax,cs:_1_main__opaque_list1_1,1,2,N,_r.BSS,mov_r.BSS,C
.text,00400816,main,B17,T,4885C0,test,test_11,rax,rax,1,1,N,,test,C
.text,00400819,main,B17,T,7424,jz,jz_70,loc_40083F,,7,0,J,.CODE,jz.CODE,C
.text,0040081B,main,B18,T,488B059E0D2000,mov,mov_12,rax,cs:_1_main__opaque_list1_1,1,2,N,_r.BSS,mov_r.BSS,C
.text,00400822,main,B18,T,488B5008,mov,mov_14,rdx,[rax+8],1,4,N,,mov,C
.text,00400826,main,B18,T,488B45E8,mov,mov_14,rax,[rbp+var_18],1,4,N,,mov,C
.text,0040082A,main,B18,T,48895008,mov,mov_41,[rax+8],rdx,4,1,N,,mov,C
.text,0040082E,main,B18,T,488B058B0D2000,mov,mov_12,rax,cs:_1_main__opaque_list1_1,1,2,N,_r.BSS,mov_r.BSS,C
.text,00400835,main,B18,T,488B55E8,mov,mov_14,rdx,[rbp+var_18],1,4,N,,mov,C
.text,00400839,main,B18,T,48895008,mov,mov_41,[rax+8],rdx,4,1,N,,mov,C
.text,0040083D,main,B18,T,EB17,jmp,jmp_70,loc_400856,,7,0,J,.CODE,jmp.CODE,C
.text,0040083F,main,B19,T,488B45E8,mov,mov_14,rax,[rbp+var_18],1,4,N,,mov,C
.text,00400843,main,B19,T,488B55E8,mov,mov_14,rdx,[rbp+var_18],1,4,N,,mov,C
.text,00400847,main,B19,T,48895008,mov,mov_41,[rax+8],rdx,4,1,N,,mov,C
.text,0040084B,main,B19,T,488B45E8,mov,mov_14,rax,[rbp+var_18],1,4,N,,mov,C
.text,0040084F,main,B19,T,4889056A0D2000,mov,mov_21,cs:_1_main__opaque_list1_1,rax,2,1,N,_w.BSS,mov_w.BSS,C
.text,00400856,main,B20,T,B800000000,mov,mov_15,eax,0,1,5,N,,mov,C
.text,0040085B,main,B20,T,E830FEFFFF,call,call_70,_rand,,7,0,J,.CODE,call.CODE,C
.text,00400860,main,B20,T,8945E4,mov,mov_41,[rbp+var_1C],eax,4,1,N,,mov,C
.text,00400863,main,B20,T,BF10000000,mov,mov_15,edi,10h,1,5,N,,mov,C
.text,00400868,main,B20,T,E8E3FDFFFF,call,call_70,_malloc,,7,0,J,.CODE,call.CODE,C
.text,0040086D,main,B20,T,488945D8,mov,mov_41,[rbp+var_28],rax,4,1,N,,mov,C
.text,00400871,main,B20,T,48837DD800,cmp,cmp_45,[rbp+var_28],0,4,5,N,,cmp,C
.text,00400876,main,B20,T,7450,jz,jz_70,loc_4008C8,,7,0,J,.CODE,jz.CODE,C
.text,00400878,main,B21,T,488B45D8,mov,mov_14,rax,[rbp+var_28],1,4,N,,mov,C
.text,0040087C,main,B21,T,8B55E4,mov,mov_14,edx,[rbp+var_1C],1,4,N,,mov,C
.text,0040087F,main,B21,T,8910,mov,mov_31,[rax],edx,3,1,N,,mov,C
.text,00400881,main,B21,T,488B05380D2000,mov,mov_12,rax,cs:_1_main__opaque_list1_1,1,2,N,_r.BSS,mov_r.BSS,C
.text,00400888,main,B21,T,4885C0,test,test_11,rax,rax,1,1,N,,test,C
.text,0040088B,main,B21,T,7424,jz,jz_70,loc_4008B1,,7,0,J,.CODE,jz.CODE,C
.text,0040088D,main,B22,T,488B052C0D2000,mov,mov_12,rax,cs:_1_main__opaque_list1_1,1,2,N,_r.BSS,mov_r.BSS,C
.text,00400894,main,B22,T,488B5008,mov,mov_14,rdx,[rax+8],1,4,N,,mov,C
.text,00400898,main,B22,T,488B45D8,mov,mov_14,rax,[rbp+var_28],1,4,N,,mov,C
.text,0040089C,main,B22,T,48895008,mov,mov_41,[rax+8],rdx,4,1,N,,mov,C
.text,004008A0,main,B22,T,488B05190D2000,mov,mov_12,rax,cs:_1_main__opaque_list1_1,1,2,N,_r.BSS,mov_r.BSS,C
.text,004008A7,main,B22,T,488B55D8,mov,mov_14,rdx,[rbp+var_28],1,4,N,,mov,C
.text,004008AB,main,B22,T,48895008,mov,mov_41,[rax+8],rdx,4,1,N,,mov,C
.text,004008AF,main,B22,T,EB17,jmp,jmp_70,loc_4008C8,,7,0,J,.CODE,jmp.CODE,C
.text,004008B1,main,B23,T,488B45D8,mov,mov_14,rax,[rbp+var_28],1,4,N,,mov,C
.text,004008B5,main,B23,T,488B55D8,mov,mov_14,rdx,[rbp+var_28],1,4,N,,mov,C
.text,004008B9,main,B23,T,48895008,mov,mov_41,[rax+8],rdx,4,1,N,,mov,C
.text,004008BD,main,B23,T,488B45D8,mov,mov_14,rax,[rbp+var_28],1,4,N,,mov,C
.text,004008C1,main,B23,T,488905F80C2000,mov,mov_21,cs:_1_main__opaque_list1_1,rax,2,1,N,_w.BSS,mov_w.BSS,C
.text,004008C8,main,B24,T,B800000000,mov,mov_15,eax,0,1,5,N,,mov,C
.text,004008CD,main,B24,T,E8BEFDFFFF,call,call_70,_rand,,7,0,J,.CODE,call.CODE,C
.text,004008D2,main,B24,T,8945D4,mov,mov_41,[rbp+var_2C],eax,4,1,N,,mov,C
.text,004008D5,main,B24,T,BF10000000,mov,mov_15,edi,10h,1,5,N,,mov,C
.text,004008DA,main,B24,T,E871FDFFFF,call,call_70,_malloc,,7,0,J,.CODE,call.CODE,C
.text,004008DF,main,B24,T,488945C8,mov,mov_41,[rbp+var_38],rax,4,1,N,,mov,C
.text,004008E3,main,B24,T,48837DC800,cmp,cmp_45,[rbp+var_38],0,4,5,N,,cmp,C
.text,004008E8,main,B24,T,7450,jz,jz_70,loc_40093A,,7,0,J,.CODE,jz.CODE,C
.text,004008EA,main,B25,T,488B45C8,mov,mov_14,rax,[rbp+var_38],1,4,N,,mov,C
.text,004008EE,main,B25,T,8B55D4,mov,mov_14,edx,[rbp+var_2C],1,4,N,,mov,C
.text,004008F1,main,B25,T,8910,mov,mov_31,[rax],edx,3,1,N,,mov,C
.text,004008F3,main,B25,T,488B05C60C2000,mov,mov_12,rax,cs:_1_main__opaque_list1_1,1,2,N,_r.BSS,mov_r.BSS,C
.text,004008FA,main,B25,T,4885C0,test,test_11,rax,rax,1,1,N,,test,C
.text,004008FD,main,B25,T,7424,jz,jz_70,loc_400923,,7,0,J,.CODE,jz.CODE,C
.text,004008FF,main,B26,T,488B05BA0C2000,mov,mov_12,rax,cs:_1_main__opaque_list1_1,1,2,N,_r.BSS,mov_r.BSS,C
.text,00400906,main,B26,T,488B5008,mov,mov_14,rdx,[rax+8],1,4,N,,mov,C
.text,0040090A,main,B26,T,488B45C8,mov,mov_14,rax,[rbp+var_38],1,4,N,,mov,C
.text,0040090E,main,B26,T,48895008,mov,mov_41,[rax+8],rdx,4,1,N,,mov,C
.text,00400912,main,B26,T,488B05A70C2000,mov,mov_12,rax,cs:_1_main__opaque_list1_1,1,2,N,_r.BSS,mov_r.BSS,C
.text,00400919,main,B26,T,488B55C8,mov,mov_14,rdx,[rbp+var_38],1,4,N,,mov,C
.text,0040091D,main,B26,T,48895008,mov,mov_41,[rax+8],rdx,4,1,N,,mov,C
.text,00400921,main,B26,T,EB17,jmp,jmp_70,loc_40093A,,7,0,J,.CODE,jmp.CODE,C
.text,00400923,main,B27,T,488B45C8,mov,mov_14,rax,[rbp+var_38],1,4,N,,mov,C
.text,00400927,main,B27,T,488B55C8,mov,mov_14,rdx,[rbp+var_38],1,4,N,,mov,C
.text,0040092B,main,B27,T,48895008,mov,mov_41,[rax+8],rdx,4,1,N,,mov,C
.text,0040092F,main,B27,T,488B45C8,mov,mov_14,rax,[rbp+var_38],1,4,N,,mov,C
.text,00400933,main,B27,T,488905860C2000,mov,mov_21,cs:_1_main__opaque_list1_1,rax,2,1,N,_w.BSS,mov_w.BSS,C
.text,0040093A,main,B28,T,488B057F0C2000,mov,mov_12,rax,cs:_1_main__opaque_list1_1,1,2,N,_r.BSS,mov_r.BSS,C
.text,00400941,main,B28,T,488905900C2000,mov,mov_21,cs:_1_main__opaque_list2_1,rax,2,1,N,_w.BSS,mov_w.BSS,C
.text,00400948,main,B28,T,C745C401000000,mov,mov_45,[rbp+var_3C],1,4,5,N,,mov,C
.text,0040094F,main,B28,T,C745C001000000,mov,mov_45,[rbp+var_40],1,4,5,N,,mov,C
.text,00400956,main,B28,T,837D8C05,cmp,cmp_45,[rbp+var_74],5,4,5,N,,cmp,C
.text,0040095A,main,B28,T,0F8497000000,jz,jz_70,loc_4009F7,,7,0,J,.CODE,jz.CODE,C
.text,00400960,main,B29,T,488B05710C2000,mov,mov_12,rax,cs:_1_main__opaque_list2_1,1,2,N,_r.BSS,mov_r.BSS,C
.text,00400967,main,B29,T,4885C0,test,test_11,rax,rax,1,1,N,,test,C
.text,0040096A,main,B29,T,7507,jnz,jnz_70,loc_400973,,7,0,J,.CODE,jnz.CODE,C
.text,0040096C,main,B30,T,B807000000,mov,mov_15,eax,7,1,5,N,,mov,C
.text,00400971,main,B30,T,EB05,jmp,jmp_70,loc_400978,,7,0,J,.CODE,jmp.CODE,C
.text,00400973,main,B31,T,B806000000,mov,mov_15,eax,6,1,5,N,,mov,C
.text,00400978,main,B32,T,4898,cdqe,cdqe_10,,,1,0,N,,cdqe,C
.text,0040097A,main,B32,T,488B04C540156000,mov,mov_12,rax,_2__functionPtrArray[rax*8],1,2,N,_r.DATA,mov_r.DATA,C
.text,00400982,main,B32,T,4889C2,mov,mov_11,rdx,rax,1,1,N,,mov,C
.text,00400985,main,B32,T,BE04000000,mov,mov_15,esi,4,1,5,N,,mov,C
.text,0040098A,main,B32,T,BFC8104000,mov,mov_15,edi,offset aCallThisProgra,1,5,N,_r.DATA,mov_r.DATA,C
.text,0040098F,main,B32,T,B800000000,mov,mov_15,eax,0,1,5,N,,mov,C
.text,00400994,main,B32,T,FFD2,call,call_10,rdx,,1,0,J,,call,C
.text,00400996,main,B32,T,488B05230C2000,mov,mov_12,rax,cs:_1_main__opaque_list1_1,1,2,N,_r.BSS,mov_r.BSS,C
.text,0040099D,main,B32,T,4885C0,test,test_11,rax,rax,1,1,N,,test,C
.text,004009A0,main,B32,T,0F95C0,setnz,setnz_10,al,,1,0,N,,setnz,C
.text,004009A3,main,B32,T,0FB6D0,movzx,movzx_11,edx,al,1,1,N,,movzx,C
.text,004009A6,main,B32,T,488B052B0C2000,mov,mov_12,rax,cs:_1_main__opaque_list2_1,1,2,N,_r.BSS,mov_r.BSS,C
.text,004009AD,main,B32,T,4885C0,test,test_11,rax,rax,1,1,N,,test,C
.text,004009B0,main,B32,T,0F94C0,setz,setz_10,al,,1,0,N,,setz,C
.text,004009B3,main,B32,T,0FB6C0,movzx,movzx_11,eax,al,1,1,N,,movzx,C
.text,004009B6,main,B32,T,29C2,sub,sub_11,edx,eax,1,1,N,,sub,C
.text,004009B8,main,B32,T,89D0,mov,mov_11,eax,edx,1,1,N,,mov,C
.text,004009BA,main,B32,T,C1E003,shl,shl_15,eax,3,1,5,N,,shl,C
.text,004009BD,main,B32,T,29D0,sub,sub_11,eax,edx,1,1,N,,sub,C
.text,004009BF,main,B32,T,4898,cdqe,cdqe_10,,,1,0,N,,cdqe,C
.text,004009C1,main,B32,T,488B04C540156000,mov,mov_12,rax,_2__functionPtrArray[rax*8],1,2,N,_r.DATA,mov_r.DATA,C
.text,004009C9,main,B32,T,BFFFFFFFFF,mov,mov_15,edi,0FFFFFFFFh,1,5,N,,mov,C
.text,004009CE,main,B32,T,FFD0,call,call_10,rax,,1,0,J,.CODE,call.CODE,C
.text,004009D0,main,B32,T,488B05010C2000,mov,mov_12,rax,cs:_1_main__opaque_list2_1,1,2,N,_r.BSS,mov_r.BSS,C
.text,004009D7,main,B32,T,4885C0,test,test_11,rax,rax,1,1,N,,test,C
.text,004009DA,main,B32,T,7505,jnz,jnz_70,loc_4009E1,,7,0,J,.CODE,jnz.CODE,C
.text,004009DC,main,B33,T,8B459C,mov,mov_14,eax,[rbp+var_64],1,4,N,,mov,C
.text,004009DF,main,B33,T,EB05,jmp,jmp_70,loc_4009E6,,7,0,J,.CODE,jmp.CODE,C
.text,004009E1,main,B34,T,B808000000,mov,mov_15,eax,8,1,5,N,,mov,C
.text,004009E6,main,B35,T,488B157B0B2000,mov,mov_12,rdx,cs:off_601568,1,2,N,_r.DATA,mov_r.DATA,C
.text,004009ED,main,B35,T,4898,cdqe,cdqe_10,,,1,0,N,,cdqe,C
.text,004009EF,main,B35,T,488914C540156000,mov,mov_21,_2__functionPtrArray[rax*8],rdx,2,1,N,_w.DATA,mov_w.DATA,C
.text,004009F7,main,B36,T,C7459C00000000,mov,mov_45,[rbp+var_64],0,4,5,N,,mov,C
.text,004009FE,main,B36,T,EB70,jmp,jmp_70,loc_400A70,,7,0,J,.CODE,jmp.CODE,C
.text,00400A00,main,B37,T,488B05D10B2000,mov,mov_12,rax,cs:_1_main__opaque_list2_1,1,2,N,_r.BSS,mov_r.BSS,C
.text,00400A07,main,B37,T,4885C0,test,test_11,rax,rax,1,1,N,,test,C
.text,00400A0A,main,B37,T,7507,jnz,jnz_70,loc_400A13,,7,0,J,.CODE,jnz.CODE,C
.text,00400A0C,main,B38,T,B80A000000,mov,mov_15,eax,0Ah,1,5,N,,mov,C
.text,00400A11,main,B38,T,EB05,jmp,jmp_70,loc_400A18,,7,0,J,.CODE,jmp.CODE,C
.text,00400A13,main,B39,T,B809000000,mov,mov_15,eax,9,1,5,N,,mov,C
.text,00400A18,main,B40,T,4898,cdqe,cdqe_10,,,1,0,N,,cdqe,C
.text,00400A1A,main,B40,T,488B04C540156000,mov,mov_12,rax,_2__functionPtrArray[rax*8],1,2,N,_r.DATA,mov_r.DATA,C
.text,00400A22,main,B40,T,4889C1,mov,mov_11,rcx,rax,1,1,N,,mov,C
.text,00400A25,main,B40,T,8B459C,mov,mov_14,eax,[rbp+var_64],1,4,N,,mov,C
.text,00400A28,main,B40,T,4898,cdqe,cdqe_10,,,1,0,N,,cdqe,C
.text,00400A2A,main,B40,T,4883C001,add,add_15,rax,1,1,5,N,,add,C
.text,00400A2E,main,B40,T,488D14C500000000,lea,lea_12,rdx,ds:0[rax*8],1,2,N,,lea,C
.text,00400A36,main,B40,T,488B4580,mov,mov_14,rax,[rbp+var_80],1,4,N,,mov,C
.text,00400A3A,main,B40,T,4801D0,add,add_11,rax,rdx,1,1,N,,add,C
.text,00400A3D,main,B40,T,488B00,mov,mov_13,rax,[rax],1,3,N,,mov,C
.text,00400A40,main,B40,T,BA0A000000,mov,mov_15,edx,0Ah,1,5,N,,mov,C
.text,00400A45,main,B40,T,BE00000000,mov,mov_15,esi,0,1,5,N,,mov,C
.text,00400A4A,main,B40,T,4889C7,mov,mov_11,rdi,rax,1,1,N,,mov,C
.text,00400A4D,main,B40,T,FFD1,call,call_10,rcx,,1,0,J,,call,C
.text,00400A4F,main,B40,T,488945B8,mov,mov_41,[rbp+var_48],rax,4,1,N,,mov,C
.text,00400A53,main,B40,T,488B45B8,mov,mov_14,rax,[rbp+var_48],1,4,N,,mov,C
.text,00400A57,main,B40,T,8845B7,mov,mov_41,[rbp+var_49],al,4,1,N,,mov,C
.text,00400A5A,main,B40,T,8B459C,mov,mov_14,eax,[rbp+var_64],1,4,N,,mov,C
.text,00400A5D,main,B40,T,4898,cdqe,cdqe_10,,,1,0,N,,cdqe,C
.text,00400A5F,main,B40,T,0FB655B7,movzx,movzx_14,edx,[rbp+var_49],1,4,N,,movzx,C
.text,00400A63,main,B40,T,885405B0,mov,mov_41,[rbp+rax+var_50],dl,4,1,N,,mov,C
.text,00400A67,main,B40,T,8B459C,mov,mov_14,eax,[rbp+var_64],1,4,N,,mov,C
.text,00400A6A,main,B40,T,83C001,add,add_15,eax,1,1,5,N,,add,C
.text,00400A6D,main,B40,T,89459C,mov,mov_41,[rbp+var_64],eax,4,1,N,,mov,C
.text,00400A70,main,B41,T,8B459C,mov,mov_14,eax,[rbp+var_64],1,4,N,,mov,C
.text,00400A73,main,B41,T,83F803,cmp,cmp_15,eax,3,1,5,N,,cmp,C
.text,00400A76,main,B41,T,7E88,jle,jle_70,loc_400A00,,7,0,J,.CODE,jle.CODE,C
.text,00400A78,main,B42,T,488B05410B2000,mov,mov_12,rax,cs:_1_main__opaque_list1_1,1,2,N,_r.BSS,mov_r.BSS,C
.text,00400A7F,main,B42,T,4885C0,test,test_11,rax,rax,1,1,N,,test,C
.text,00400A82,main,B42,T,0F94C0,setz,setz_10,al,,1,0,N,,setz,C
.text,00400A85,main,B42,T,0FB6D0,movzx,movzx_11,edx,al,1,1,N,,movzx,C
.text,00400A88,main,B42,T,488B0D310B2000,mov,mov_12,rcx,cs:_1_main__opaque_list1_1,1,2,N,_r.BSS,mov_r.BSS,C
.text,00400A8F,main,B42,T,488B05420B2000,mov,mov_12,rax,cs:_1_main__opaque_list2_1,1,2,N,_r.BSS,mov_r.BSS,C
.text,00400A96,main,B42,T,4839C1,cmp,cmp_11,rcx,rax,1,1,N,,cmp,C
.text,00400A99,main,B42,T,0F94C0,setz,setz_10,al,,1,0,N,,setz,C
.text,00400A9C,main,B42,T,0FB6C0,movzx,movzx_11,eax,al,1,1,N,,movzx,C
.text,00400A9F,main,B42,T,01C2,add,add_11,edx,eax,1,1,N,,add,C
.text,00400AA1,main,B42,T,89D0,mov,mov_11,eax,edx,1,1,N,,mov,C
.text,00400AA3,main,B42,T,C1E002,shl,shl_15,eax,2,1,5,N,,shl,C
.text,00400AA6,main,B42,T,01D0,add,add_11,eax,edx,1,1,N,,add,C
.text,00400AA8,main,B42,T,01C0,add,add_11,eax,eax,1,1,N,,add,C
.text,00400AAA,main,B42,T,4898,cdqe,cdqe_10,,,1,0,N,,cdqe,C
.text,00400AAC,main,B42,T,488B04C540156000,mov,mov_12,rax,_2__functionPtrArray[rax*8],1,2,N,_r.DATA,mov_r.DATA,C
.text,00400AB4,main,B42,T,4889C1,mov,mov_11,rcx,rax,1,1,N,,mov,C
.text,00400AB7,main,B42,T,488D55A0,lea,lea_14,rdx,[rbp+var_60],1,4,N,,lea,C
.text,00400ABB,main,B42,T,488D45B0,lea,lea_14,rax,[rbp+var_50],1,4,N,,lea,C
.text,00400ABF,main,B42,T,4889D6,mov,mov_11,rsi,rdx,1,1,N,,mov,C
.text,00400AC2,main,B42,T,4889C7,mov,mov_11,rdi,rax,1,1,N,,mov,C
.text,00400AC5,main,B42,T,FFD1,call,call_10,rcx,,1,0,J,,call,C
.text,00400AC7,main,B42,T,0FB645A1,movzx,movzx_14,eax,[rbp+var_5F],1,4,N,,movzx,C
.text,00400ACB,main,B42,T,3C53,cmp,cmp_15,al,53h,1,5,N,,cmp,C
.text,00400ACD,main,B42,T,752F,jnz,jnz_70,loc_400AFE,,7,0,J,.CODE,jnz.CODE,C
.text,00400ACF,main,B43,T,488B05020B2000,mov,mov_12,rax,cs:_1_main__opaque_list2_1,1,2,N,_r.BSS,mov_r.BSS,C
.text,00400AD6,main,B43,T,4885C0,test,test_11,rax,rax,1,1,N,,test,C
.text,00400AD9,main,B43,T,7505,jnz,jnz_70,loc_400AE0,,7,0,J,.CODE,jnz.CODE,C
.text,00400ADB,main,B44,T,8B45D4,mov,mov_14,eax,[rbp+var_2C],1,4,N,,mov,C
.text,00400ADE,main,B44,T,EB05,jmp,jmp_70,loc_400AE5,,7,0,J,.CODE,jmp.CODE,C
.text,00400AE0,main,B45,T,B80C000000,mov,mov_15,eax,0Ch,1,5,N,,mov,C
.text,00400AE5,main,B46,T,4898,cdqe,cdqe_10,,,1,0,N,,cdqe,C
.text,00400AE7,main,B46,T,488B04C540156000,mov,mov_12,rax,_2__functionPtrArray[rax*8],1,2,N,_r.DATA,mov_r.DATA,C
.text,00400AEF,main,B46,T,4889C2,mov,mov_11,rdx,rax,1,1,N,,mov,C
.text,00400AF2,main,B46,T,BFED104000,mov,mov_15,edi,offset aYouWin,1,5,N,_r.DATA,mov_r.DATA,C
.text,00400AF7,main,B46,T,B800000000,mov,mov_15,eax,0,1,5,N,,mov,C
.text,00400AFC,main,B46,T,FFD2,call,call_10,rdx,,1,0,J,,call,C
.text,00400AFE,main,B47,T,C745FC00000000,mov,mov_45,[rbp+var_4],0,4,5,N,,mov,C
.text,00400B05,main,B47,T,EB78,jmp,jmp_70,loc_400B7F,,7,0,J,.CODE,jmp.CODE,C
.text,00400B07,main,B48,T,488B15B20A2000,mov,mov_12,rdx,cs:_1_main__opaque_list1_1,1,2,N,_r.BSS,mov_r.BSS,C
.text,00400B0E,main,B48,T,488B05C30A2000,mov,mov_12,rax,cs:_1_main__opaque_list2_1,1,2,N,_r.BSS,mov_r.BSS,C
.text,00400B15,main,B48,T,4839C2,cmp,cmp_11,rdx,rax,1,1,N,,cmp,C
.text,00400B18,main,B48,T,7407,jz,jz_70,loc_400B21,,7,0,J,.CODE,jz.CODE,C
.text,00400B1A,main,B49,T,B80E000000,mov,mov_15,eax,0Eh,1,5,N,,mov,C
.text,00400B1F,main,B49,T,EB05,jmp,jmp_70,loc_400B26,,7,0,J,.CODE,jmp.CODE,C
.text,00400B21,main,B50,T,B80D000000,mov,mov_15,eax,0Dh,1,5,N,,mov,C
.text,00400B26,main,B51,T,4898,cdqe,cdqe_10,,,1,0,N,,cdqe,C
.text,00400B28,main,B51,T,488B04C540156000,mov,mov_12,rax,_2__functionPtrArray[rax*8],1,2,N,_r.DATA,mov_r.DATA,C
.text,00400B30,main,B51,T,4889C2,mov,mov_11,rdx,rax,1,1,N,,mov,C
.text,00400B33,main,B51,T,8B45FC,mov,mov_14,eax,[rbp+var_4],1,4,N,,mov,C
.text,00400B36,main,B51,T,4898,cdqe,cdqe_10,,,1,0,N,,cdqe,C
.text,00400B38,main,B51,T,0FB64405A0,movzx,movzx_14,eax,[rbp+rax+var_60],1,4,N,,movzx,C
.text,00400B3D,main,B51,T,0FB6C0,movzx,movzx_11,eax,al,1,1,N,,movzx,C
.text,00400B40,main,B51,T,89C6,mov,mov_11,esi,eax,1,1,N,,mov,C
.text,00400B42,main,B51,T,BFF7104000,mov,mov_15,edi,offset aU,1,5,N,_r.DATA,mov_r.DATA,C
.text,00400B47,main,B51,T,B800000000,mov,mov_15,eax,0,1,5,N,,mov,C
.text,00400B4C,main,B51,T,FFD2,call,call_10,rdx,,1,0,J,,call,C
.text,00400B4E,main,B51,T,488B156B0A2000,mov,mov_12,rdx,cs:_1_main__opaque_list1_1,1,2,N,_r.BSS,mov_r.BSS,C
.text,00400B55,main,B51,T,488B057C0A2000,mov,mov_12,rax,cs:_1_main__opaque_list2_1,1,2,N,_r.BSS,mov_r.BSS,C
.text,00400B5C,main,B51,T,4839C2,cmp,cmp_11,rdx,rax,1,1,N,,cmp,C
.text,00400B5F,main,B51,T,7407,jz,jz_70,loc_400B68,,7,0,J,.CODE,jz.CODE,C
.text,00400B61,main,B52,T,B803000000,mov,mov_15,eax,3,1,5,N,,mov,C
.text,00400B66,main,B52,T,EB05,jmp,jmp_70,loc_400B6D,,7,0,J,.CODE,jmp.CODE,C
.text,00400B68,main,B53,T,B808000000,mov,mov_15,eax,8,1,5,N,,mov,C
.text,00400B6D,main,B54,T,4898,cdqe,cdqe_10,,,1,0,N,,cdqe,C
.text,00400B6F,main,B54,T,488D559C,lea,lea_14,rdx,[rbp+var_64],1,4,N,,lea,C
.text,00400B73,main,B54,T,488914C540156000,mov,mov_21,_2__functionPtrArray[rax*8],rdx,2,1,N,_w.DATA,mov_w.DATA,C
.text,00400B7B,main,B54,T,8345FC01,add,add_45,[rbp+var_4],1,4,5,N,,add,C
.text,00400B7F,main,B55,T,837DFC03,cmp,cmp_45,[rbp+var_4],3,4,5,N,,cmp,C
.text,00400B83,main,B55,T,7E82,jle,jle_70,loc_400B07,,7,0,J,.CODE,jle.CODE,C
.text,00400B85,main,B56,T,B800000000,mov,mov_15,eax,0,1,5,N,,mov,C
.text,00400B8A,main,B56,T,C9,leave,leave_00,,,0,0,N,,leave,C
.text,00400B8B,main,B56,T,C3,retn,retn_00,,,0,0,N,,retn,C
.text,00400B8C,function_1,B57,T,55,push,push_10,rbp,,1,0,N,,push,S
.text,00400B8D,function_1,B57,T,4889E5,mov,mov_11,rbp,rsp,1,1,N,,mov,C
.text,00400B90,function_1,B57,T,4881ECD0000000,sub,sub_15,rsp,0D0h,1,5,N,,sub,C
.text,00400B97,function_1,B57,T,4889BD38FFFFFF,mov,mov_41,[rbp+var_C8],rdi,4,1,N,,mov,C
.text,00400B9E,function_1,B57,T,4889B530FFFFFF,mov,mov_41,[rbp+var_D0],rsi,4,1,N,,mov,C
.text,00400BA5,function_1,B57,T,C68570FFFFFF00,mov,mov_45,byte ptr [rbp+tv.tv_sec],0,4,5,N,_w.UNK,mov_w.UNK,C
.text,00400BAC,function_1,B57,T,C745FC01000000,mov,mov_45,[rbp+var_4],1,4,5,N,,mov,C
.text,00400BB3,function_1,B57,T,EB0F,jmp,jmp_70,loc_400BC4,,7,0,J,.CODE,jmp.CODE,C
.text,00400BB5,function_1,B58,T,8B45FC,mov,mov_14,eax,[rbp+var_4],1,4,N,,mov,C
.text,00400BB8,function_1,B58,T,C6840570FFFFFF00,mov,mov_45,byte ptr [rbp+rax+tv.tv_sec],0,4,5,N,_w.UNK,mov_w.UNK,C
.text,00400BC0,function_1,B58,T,8345FC01,add,add_45,[rbp+var_4],1,4,5,N,,add,C
.text,00400BC4,function_1,B59,T,837DFC63,cmp,cmp_45,[rbp+var_4],63h,4,5,N,,cmp,C
.text,00400BC8,function_1,B59,T,76EB,jbe,jbe_70,loc_400BB5,,7,0,J,.CODE,jbe.CODE,C
.text,00400BCA,function_1,B60,T,C745F800000000,mov,mov_45,[rbp+var_8],0,4,5,N,,mov,C
.text,00400BD1,function_1,B60,T,488B8538FFFFFF,mov,mov_14,rax,[rbp+var_C8],1,4,N,,mov,C
.text,00400BD8,function_1,B60,T,4883C002,add,add_15,rax,2,1,5,N,,add,C
.text,00400BDC,function_1,B60,T,0FB600,movzx,movzx_13,eax,byte ptr [rax],1,3,N,,movzx,C
.text,00400BDF,function_1,B60,T,BACFFFFFFF,mov,mov_15,edx,0FFFFFFCFh,1,5,N,,mov,C
.text,00400BE4,function_1,B60,T,0FAFC2,imul,imul_11,eax,edx,1,1,N,,imul,C
.text,00400BE7,function_1,B60,T,83E83B,sub,sub_15,eax,3Bh,1,5,N,,sub,C
.text,00400BEA,function_1,B60,T,8845E0,mov,mov_41,[rbp+var_20],al,4,1,N,,mov,C
.text,00400BED,function_1,B60,T,488B8538FFFFFF,mov,mov_14,rax,[rbp+var_C8],1,4,N,,mov,C
.text,00400BF4,function_1,B60,T,0FB608,movzx,movzx_13,ecx,byte ptr [rax],1,3,N,,movzx,C
.text,00400BF7,function_1,B60,T,0FB645E0,movzx,movzx_14,eax,[rbp+var_20],1,4,N,,movzx,C
.text,00400BFB,function_1,B60,T,488B9538FFFFFF,mov,mov_14,rdx,[rbp+var_C8],1,4,N,,mov,C
.text,00400C02,function_1,B60,T,4883C203,add,add_15,rdx,3,1,5,N,,add,C
.text,00400C06,function_1,B60,T,0FB612,movzx,movzx_13,edx,byte ptr [rdx],1,3,N,,movzx,C
.text,00400C09,function_1,B60,T,0FAFC2,imul,imul_11,eax,edx,1,1,N,,imul,C
.text,00400C0C,function_1,B60,T,89C2,mov,mov_11,edx,eax,1,1,N,,mov,C
.text,00400C0E,function_1,B60,T,89C8,mov,mov_11,eax,ecx,1,1,N,,mov,C
.text,00400C10,function_1,B60,T,0FAFC2,imul,imul_11,eax,edx,1,1,N,,imul,C
.text,00400C13,function_1,B60,T,8845E1,mov,mov_41,[rbp+var_1F],al,4,1,N,,mov,C
.text,00400C16,function_1,B60,T,488B8538FFFFFF,mov,mov_14,rax,[rbp+var_C8],1,4,N,,mov,C
.text,00400C1D,function_1,B60,T,4883C001,add,add_15,rax,1,1,5,N,,add,C
.text,00400C21,function_1,B60,T,0FB610,movzx,movzx_13,edx,byte ptr [rax],1,3,N,,movzx,C
.text,00400C24,function_1,B60,T,0FB645E1,movzx,movzx_14,eax,[rbp+var_1F],1,4,N,,movzx,C
.text,00400C28,function_1,B60,T,01D0,add,add_11,eax,edx,1,1,N,,add,C
.text,00400C2A,function_1,B60,T,83C03E,add,add_15,eax,3Eh,1,5,N,,add,C
.text,00400C2D,function_1,B60,T,8845E2,mov,mov_41,[rbp+var_1E],al,4,1,N,,mov,C
.text,00400C30,function_1,B60,T,488B8538FFFFFF,mov,mov_14,rax,[rbp+var_C8],1,4,N,,mov,C
.text,00400C37,function_1,B60,T,4883C002,add,add_15,rax,2,1,5,N,,add,C
.text,00400C3B,function_1,B60,T,0FB610,movzx,movzx_13,edx,byte ptr [rax],1,3,N,,movzx,C
.text,00400C3E,function_1,B60,T,488B8538FFFFFF,mov,mov_14,rax,[rbp+var_C8],1,4,N,,mov,C
.text,00400C45,function_1,B60,T,0FB600,movzx,movzx_13,eax,byte ptr [rax],1,3,N,,movzx,C
.text,00400C48,function_1,B60,T,01D0,add,add_11,eax,edx,1,1,N,,add,C
.text,00400C4A,function_1,B60,T,83E83C,sub,sub_15,eax,3Ch,1,5,N,,sub,C
.text,00400C4D,function_1,B60,T,8845E3,mov,mov_41,[rbp+var_1D],al,4,1,N,,mov,C
.text,00400C50,function_1,B60,T,488B8538FFFFFF,mov,mov_14,rax,[rbp+var_C8],1,4,N,,mov,C
.text,00400C57,function_1,B60,T,4883C003,add,add_15,rax,3,1,5,N,,add,C
.text,00400C5B,function_1,B60,T,0FB600,movzx,movzx_13,eax,byte ptr [rax],1,3,N,,movzx,C
.text,00400C5E,function_1,B60,T,BAADFFFFFF,mov,mov_15,edx,0FFFFFFADh,1,5,N,,mov,C
.text,00400C63,function_1,B60,T,0FAFC2,imul,imul_11,eax,edx,1,1,N,,imul,C
.text,00400C66,function_1,B60,T,8845E4,mov,mov_41,[rbp+var_1C],al,4,1,N,,mov,C
.text,00400C69,function_1,B60,T,488B8538FFFFFF,mov,mov_14,rax,[rbp+var_C8],1,4,N,,mov,C
.text,00400C70,function_1,B60,T,4883C001,add,add_15,rax,1,1,5,N,,add,C
.text,00400C74,function_1,B60,T,0FB600,movzx,movzx_13,eax,byte ptr [rax],1,3,N,,movzx,C
.text,00400C77,function_1,B60,T,83C077,add,add_15,eax,77h,1,5,N,,add,C
.text,00400C7A,function_1,B60,T,8845E5,mov,mov_41,[rbp+var_1B],al,4,1,N,,mov,C
.text,00400C7D,function_1,B60,T,488B8538FFFFFF,mov,mov_14,rax,[rbp+var_C8],1,4,N,,mov,C
.text,00400C84,function_1,B60,T,4883C002,add,add_15,rax,2,1,5,N,,add,C
.text,00400C88,function_1,B60,T,0FB600,movzx,movzx_13,eax,byte ptr [rax],1,3,N,,movzx,C
.text,00400C8B,function_1,B60,T,83C006,add,add_15,eax,6,1,5,N,,add,C
.text,00400C8E,function_1,B60,T,8845E6,mov,mov_41,[rbp+var_1A],al,4,1,N,,mov,C
.text,00400C91,function_1,B60,T,488B8538FFFFFF,mov,mov_14,rax,[rbp+var_C8],1,4,N,,mov,C
.text,00400C98,function_1,B60,T,0FB600,movzx,movzx_13,eax,byte ptr [rax],1,3,N,,movzx,C
.text,00400C9B,function_1,B60,T,0FB6D0,movzx,movzx_11,edx,al,1,1,N,,movzx,C
.text,00400C9E,function_1,B60,T,488B8538FFFFFF,mov,mov_14,rax,[rbp+var_C8],1,4,N,,mov,C
.text,00400CA5,function_1,B60,T,4883C003,add,add_15,rax,3,1,5,N,,add,C
.text,00400CA9,function_1,B60,T,0FB600,movzx,movzx_13,eax,byte ptr [rax],1,3,N,,movzx,C
.text,00400CAC,function_1,B60,T,0FB6C0,movzx,movzx_11,eax,al,1,1,N,,movzx,C
.text,00400CAF,function_1,B60,T,0FAFC2,imul,imul_11,eax,edx,1,1,N,,imul,C
.text,00400CB2,function_1,B60,T,4898,cdqe,cdqe_10,,,1,0,N,,cdqe,C
.text,00400CB4,function_1,B60,T,89C1,mov,mov_11,ecx,eax,1,1,N,,mov,C
.text,00400CB6,function_1,B60,T,488B8538FFFFFF,mov,mov_14,rax,[rbp+var_C8],1,4,N,,mov,C
.text,00400CBD,function_1,B60,T,4883C001,add,add_15,rax,1,1,5,N,,add,C
.text,00400CC1,function_1,B60,T,0FB600,movzx,movzx_13,eax,byte ptr [rax],1,3,N,,movzx,C
.text,00400CC4,function_1,B60,T,0FB6D0,movzx,movzx_11,edx,al,1,1,N,,movzx,C
.text,00400CC7,function_1,B60,T,0FB645E6,movzx,movzx_14,eax,[rbp+var_1A],1,4,N,,movzx,C
.text,00400CCB,function_1,B60,T,0FB6C0,movzx,movzx_11,eax,al,1,1,N,,movzx,C
.text,00400CCE,function_1,B60,T,4869C06E09C433,imul,imul_11,rax,,1,1,N,,imul,C
.text,00400CD5,function_1,B60,T,4801D0,add,add_11,rax,rdx,1,1,N,,add,C
.text,00400CD8,function_1,B60,T,89C2,mov,mov_11,edx,eax,1,1,N,,mov,C
.text,00400CDA,function_1,B60,T,89C8,mov,mov_11,eax,ecx,1,1,N,,mov,C
.text,00400CDC,function_1,B60,T,0FAFC2,imul,imul_11,eax,edx,1,1,N,,imul,C
.text,00400CDF,function_1,B60,T,8845E7,mov,mov_41,[rbp+var_19],al,4,1,N,,mov,C
.text,00400CE2,function_1,B60,T,488B05D7082000,mov,mov_12,rax,cs:_1_main__opaque_list1_1,1,2,N,_r.BSS,mov_r.BSS,C
.text,00400CE9,function_1,B60,T,4885C0,test,test_11,rax,rax,1,1,N,,test,C
.text,00400CEC,function_1,B60,T,0F94C0,setz,setz_10,al,,1,0,N,,setz,C
.text,00400CEF,function_1,B60,T,0FB6C0,movzx,movzx_11,eax,al,1,1,N,,movzx,C
.text,00400CF2,function_1,B60,T,4898,cdqe,cdqe_10,,,1,0,N,,cdqe,C
.text,00400CF4,function_1,B60,T,488B04C540156000,mov,mov_12,rax,_2__functionPtrArray[rax*8],1,2,N,_r.DATA,mov_r.DATA,C
.text,00400CFC,function_1,B60,T,4889C2,mov,mov_11,rdx,rax,1,1,N,,mov,C
.text,00400CFF,function_1,B60,T,488D8550FFFFFF,lea,lea_14,rax,[rbp+var_B0],1,4,N,,lea,C
.text,00400D06,function_1,B60,T,BE00000000,mov,mov_15,esi,0,1,5,N,,mov,C
.text,00400D0B,function_1,B60,T,4889C7,mov,mov_11,rdi,rax,1,1,N,,mov,C
.text,00400D0E,function_1,B60,T,B800000000,mov,mov_15,eax,0,1,5,N,,mov,C
.text,00400D13,function_1,B60,T,FFD2,call,call_10,rdx,,1,0,J,,call,C
.text,00400D15,function_1,B60,T,8945F4,mov,mov_41,[rbp+var_C],eax,4,1,N,,mov,C
.text,00400D18,function_1,B60,T,488B05A1082000,mov,mov_12,rax,cs:_1_main__opaque_list1_1,1,2,N,_r.BSS,mov_r.BSS,C
.text,00400D1F,function_1,B60,T,4885C0,test,test_11,rax,rax,1,1,N,,test,C
.text,00400D22,function_1,B60,T,0F95C0,setnz,setnz_10,al,,1,0,N,,setnz,C
.text,00400D25,function_1,B60,T,0FB6C0,movzx,movzx_11,eax,al,1,1,N,,movzx,C
.text,00400D28,function_1,B60,T,4898,cdqe,cdqe_10,,,1,0,N,,cdqe,C
.text,00400D2A,function_1,B60,T,488D55D8,lea,lea_14,rdx,[rbp+var_28],1,4,N,,lea,C
.text,00400D2E,function_1,B60,T,488914C540156000,mov,mov_21,_2__functionPtrArray[rax*8],rdx,2,1,N,_w.DATA,mov_w.DATA,C
.text,00400D36,function_1,B60,T,488B8550FFFFFF,mov,mov_14,rax,[rbp+var_B0],1,4,N,,mov,C
.text,00400D3D,function_1,B60,T,488B9558FFFFFF,mov,mov_14,rdx,[rbp+var_A8],1,4,N,,mov,C
.text,00400D44,function_1,B60,T,48898540FFFFFF,mov,mov_41,[rbp+var_C0],rax,4,1,N,,mov,C
.text,00400D4B,function_1,B60,T,48899548FFFFFF,mov,mov_41,[rbp+var_B8],rdx,4,1,N,,mov,C
.text,00400D52,function_1,B60,T,488B8540FFFFFF,mov,mov_14,rax,[rbp+var_C0],1,4,N,,mov,C
.text,00400D59,function_1,B60,T,488945D8,mov,mov_41,[rbp+var_28],rax,4,1,N,,mov,C
.text,00400D5D,function_1,B60,T,488B0574082000,mov,mov_12,rax,cs:_1_main__opaque_list2_1,1,2,N,_r.BSS,mov_r.BSS,C
.text,00400D64,function_1,B60,T,4885C0,test,test_11,rax,rax,1,1,N,,test,C
.text,00400D67,function_1,B60,T,0F94C0,setz,setz_10,al,,1,0,N,,setz,C
.text,00400D6A,function_1,B60,T,0FB6D0,movzx,movzx_11,edx,al,1,1,N,,movzx,C
.text,00400D6D,function_1,B60,T,488B054C082000,mov,mov_12,rax,cs:_1_main__opaque_list1_1,1,2,N,_r.BSS,mov_r.BSS,C
.text,00400D74,function_1,B60,T,4885C0,test,test_11,rax,rax,1,1,N,,test,C
.text,00400D77,function_1,B60,T,0F95C0,setnz,setnz_10,al,,1,0,N,,setnz,C
.text,00400D7A,function_1,B60,T,0FB6C0,movzx,movzx_11,eax,al,1,1,N,,movzx,C
.text,00400D7D,function_1,B60,T,01D0,add,add_11,eax,edx,1,1,N,,add,C
.text,00400D7F,function_1,B60,T,83C001,add,add_15,eax,1,1,5,N,,add,C
.text,00400D82,function_1,B60,T,4898,cdqe,cdqe_10,,,1,0,N,,cdqe,C
.text,00400D84,function_1,B60,T,488B04C540156000,mov,mov_12,rax,_2__functionPtrArray[rax*8],1,2,N,_r.DATA,mov_r.DATA,C
.text,00400D8C,function_1,B60,T,4889C2,mov,mov_11,rdx,rax,1,1,N,,mov,C
.text,00400D8F,function_1,B60,T,BFFB104000,mov,mov_15,edi,offset aPleaseEnterPas,1,5,N,_r.DATA,mov_r.DATA,C
.text,00400D94,function_1,B60,T,B800000000,mov,mov_15,eax,0,1,5,N,,mov,C
.text,00400D99,function_1,B60,T,FFD2,call,call_10,rdx,,1,0,J,,call,C
.text,00400D9B,function_1,B60,T,488B051E082000,mov,mov_12,rax,cs:_1_main__opaque_list1_1,1,2,N,_r.BSS,mov_r.BSS,C
.text,00400DA2,function_1,B60,T,4885C0,test,test_11,rax,rax,1,1,N,,test,C
.text,00400DA5,function_1,B60,T,0F95C0,setnz,setnz_10,al,,1,0,N,,setnz,C
.text,00400DA8,function_1,B60,T,0FB6C0,movzx,movzx_11,eax,al,1,1,N,,movzx,C
.text,00400DAB,function_1,B60,T,4898,cdqe,cdqe_10,,,1,0,N,,cdqe,C
.text,00400DAD,function_1,B60,T,488D9568FFFFFF,lea,lea_14,rdx,[rbp+var_98],1,4,N,,lea,C
.text,00400DB4,function_1,B60,T,488914C540156000,mov,mov_21,_2__functionPtrArray[rax*8],rdx,2,1,N,_w.DATA,mov_w.DATA,C
.text,00400DBC,function_1,B60,T,488B0515082000,mov,mov_12,rax,cs:_1_main__opaque_list2_1,1,2,N,_r.BSS,mov_r.BSS,C
.text,00400DC3,function_1,B60,T,4885C0,test,test_11,rax,rax,1,1,N,,test,C
.text,00400DC6,function_1,B60,T,7407,jz,jz_70,loc_400DCF,,7,0,J,.CODE,jz.CODE,C
.text,00400DC8,function_1,B61,T,B803000000,mov,mov_15,eax,3,1,5,N,,mov,C
.text,00400DCD,function_1,B61,T,EB05,jmp,jmp_70,loc_400DD4,,7,0,J,.CODE,jmp.CODE,C
.text,00400DCF,function_1,B62,T,B802000000,mov,mov_15,eax,2,1,5,N,,mov,C
.text,00400DD4,function_1,B63,T,4898,cdqe,cdqe_10,,,1,0,N,,cdqe,C
.text,00400DD6,function_1,B63,T,488B04C540156000,mov,mov_12,rax,_2__functionPtrArray[rax*8],1,2,N,_r.DATA,mov_r.DATA,C
.text,00400DDE,function_1,B63,T,4889C2,mov,mov_11,rdx,rax,1,1,N,,mov,C
.text,00400DE1,function_1,B63,T,488D8570FFFFFF,lea,lea_14,rax,[rbp+tv],1,4,N,,lea,C
.text,00400DE8,function_1,B63,T,4889C6,mov,mov_11,rsi,rax,1,1,N,,mov,C
.text,00400DEB,function_1,B63,T,BF12114000,mov,mov_15,edi,offset aS,1,5,N,_r.DATA,mov_r.DATA,C
.text,00400DF0,function_1,B63,T,B800000000,mov,mov_15,eax,0,1,5,N,,mov,C
.text,00400DF5,function_1,B63,T,FFD2,call,call_10,rdx,,1,0,J,,call,C
.text,00400DF7,function_1,B63,T,488B05C2072000,mov,mov_12,rax,cs:_1_main__opaque_list1_1,1,2,N,_r.BSS,mov_r.BSS,C
.text,00400DFE,function_1,B63,T,4885C0,test,test_11,rax,rax,1,1,N,,test,C
.text,00400E01,function_1,B63,T,0F94C0,setz,setz_10,al,,1,0,N,,setz,C
.text,00400E04,function_1,B63,T,0FB6D0,movzx,movzx_11,edx,al,1,1,N,,movzx,C
.text,00400E07,function_1,B63,T,488B05CA072000,mov,mov_12,rax,cs:_1_main__opaque_list2_1,1,2,N,_r.BSS,mov_r.BSS,C
.text,00400E0E,function_1,B63,T,4885C0,test,test_11,rax,rax,1,1,N,,test,C
.text,00400E11,function_1,B63,T,0F95C0,setnz,setnz_10,al,,1,0,N,,setnz,C
.text,00400E14,function_1,B63,T,0FB6C0,movzx,movzx_11,eax,al,1,1,N,,movzx,C
.text,00400E17,function_1,B63,T,01D0,add,add_11,eax,edx,1,1,N,,add,C
.text,00400E19,function_1,B63,T,4898,cdqe,cdqe_10,,,1,0,N,,cdqe,C
.text,00400E1B,function_1,B63,T,488D9570FFFFFF,lea,lea_14,rdx,[rbp+tv],1,4,N,,lea,C
.text,00400E22,function_1,B63,T,488914C540156000,mov,mov_21,_2__functionPtrArray[rax*8],rdx,2,1,N,_w.DATA,mov_w.DATA,C
.text,00400E2A,function_1,B63,T,488B8538FFFFFF,mov,mov_14,rax,[rbp+var_C8],1,4,N,,mov,C
.text,00400E31,function_1,B63,T,0FB600,movzx,movzx_13,eax,byte ptr [rax],1,3,N,,movzx,C
.text,00400E34,function_1,B63,T,0FB6C0,movzx,movzx_11,eax,al,1,1,N,,movzx,C
.text,00400E37,function_1,B63,T,898568FFFFFF,mov,mov_41,[rbp+var_98],eax,4,1,N,,mov,C
.text,00400E3D,function_1,B63,T,488B157C072000,mov,mov_12,rdx,cs:_1_main__opaque_list1_1,1,2,N,_r.BSS,mov_r.BSS,C
.text,00400E44,function_1,B63,T,488B058D072000,mov,mov_12,rax,cs:_1_main__opaque_list2_1,1,2,N,_r.BSS,mov_r.BSS,C
.text,00400E4B,function_1,B63,T,4839C2,cmp,cmp_11,rdx,rax,1,1,N,,cmp,C
.text,00400E4E,function_1,B63,T,7407,jz,jz_70,loc_400E57,,7,0,J,.CODE,jz.CODE,C
.text,00400E50,function_1,B64,T,B803000000,mov,mov_15,eax,3,1,5,N,,mov,C
.text,00400E55,function_1,B64,T,EB05,jmp,jmp_70,loc_400E5C,,7,0,J,.CODE,jmp.CODE,C
.text,00400E57,function_1,B65,T,B804000000,mov,mov_15,eax,4,1,5,N,,mov,C
.text,00400E5C,function_1,B66,T,4898,cdqe,cdqe_10,,,1,0,N,,cdqe,C
.text,00400E5E,function_1,B66,T,488B04C540156000,mov,mov_12,rax,_2__functionPtrArray[rax*8],1,2,N,_r.DATA,mov_r.DATA,C
.text,00400E66,function_1,B66,T,4889C1,mov,mov_11,rcx,rax,1,1,N,,mov,C
.text,00400E69,function_1,B66,T,488D8570FFFFFF,lea,lea_14,rax,[rbp+tv],1,4,N,,lea,C
.text,00400E70,function_1,B66,T,BA64000000,mov,mov_15,edx,64h,1,5,N,,mov,C
.text,00400E75,function_1,B66,T,BE15114000,mov,mov_15,esi,offset aSecret,1,5,N,_r.DATA,mov_r.DATA,C
.text,00400E7A,function_1,B66,T,4889C7,mov,mov_11,rdi,rax,1,1,N,,mov,C
.text,00400E7D,function_1,B66,T,B800000000,mov,mov_15,eax,0,1,5,N,,mov,C
.text,00400E82,function_1,B66,T,FFD1,call,call_10,rcx,,1,0,J,,call,C
.text,00400E84,function_1,B66,T,89856CFFFFFF,mov,mov_41,[rbp+var_94],eax,4,1,N,,mov,C
.text,00400E8A,function_1,B66,T,8B856CFFFFFF,mov,mov_14,eax,[rbp+var_94],1,4,N,,mov,C
.text,00400E90,function_1,B66,T,85C0,test,test_11,eax,eax,1,1,N,,test,C
.text,00400E92,function_1,B66,T,0F95C0,setnz,setnz_10,al,,1,0,N,,setnz,C
.text,00400E95,function_1,B66,T,0FB6C0,movzx,movzx_11,eax,al,1,1,N,,movzx,C
.text,00400E98,function_1,B66,T,0945F8,or,or_41,[rbp+var_8],eax,4,1,N,,or,C
.text,00400E9B,function_1,B66,T,488B45D8,mov,mov_14,rax,[rbp+var_28],1,4,N,,mov,C
.text,00400E9F,function_1,B66,T,483D78645D53,cmp,cmp_15,rax,535D6478h,1,5,N,,cmp,C
.text,00400EA5,function_1,B66,T,0F96C0,setbe,setbe_10,al,,1,0,N,,setbe,C
.text,00400EA8,function_1,B66,T,0FB6C0,movzx,movzx_11,eax,al,1,1,N,,movzx,C
.text,00400EAB,function_1,B66,T,0945F8,or,or_41,[rbp+var_8],eax,4,1,N,,or,C
.text,00400EAE,function_1,B66,T,8B8568FFFFFF,mov,mov_14,eax,[rbp+var_98],1,4,N,,mov,C
.text,00400EB4,function_1,B66,T,83F82A,cmp,cmp_15,eax,2Ah,1,5,N,,cmp,C
.text,00400EB7,function_1,B66,T,0F95C0,setnz,setnz_10,al,,1,0,N,,setnz,C
.text,00400EBA,function_1,B66,T,0FB6C0,movzx,movzx_11,eax,al,1,1,N,,movzx,C
.text,00400EBD,function_1,B66,T,0945F8,or,or_41,[rbp+var_8],eax,4,1,N,,or,C
.text,00400EC0,function_1,B66,T,837DF800,cmp,cmp_45,[rbp+var_8],0,4,5,N,,cmp,C
.text,00400EC4,function_1,B66,T,7445,jz,jz_70,loc_400F0B,,7,0,J,.CODE,jz.CODE,C
.text,00400EC6,function_1,B67,T,488B05F3062000,mov,mov_12,rax,cs:_1_main__opaque_list1_1,1,2,N,_r.BSS,mov_r.BSS,C
.text,00400ECD,function_1,B67,T,4885C0,test,test_11,rax,rax,1,1,N,,test,C
.text,00400ED0,function_1,B67,T,7407,jz,jz_70,loc_400ED9,,7,0,J,.CODE,jz.CODE,C
.text,00400ED2,function_1,B68,T,B805000000,mov,mov_15,eax,5,1,5,N,,mov,C
.text,00400ED7,function_1,B68,T,EB05,jmp,jmp_70,loc_400EDE,,7,0,J,.CODE,jmp.CODE,C
.text,00400ED9,function_1,B69,T,B840010000,mov,mov_15,eax,140h,1,5,N,,mov,C
.text,00400EDE,function_1,B70,T,4898,cdqe,cdqe_10,,,1,0,N,,cdqe,C
.text,00400EE0,function_1,B70,T,488B04C540156000,mov,mov_12,rax,_2__functionPtrArray[rax*8],1,2,N,_r.DATA,mov_r.DATA,C
.text,00400EE8,function_1,B70,T,FFD0,call,call_10,rax,,1,0,J,.CODE,call.CODE,C
.text,00400EEA,function_1,B70,T,488B05E7062000,mov,mov_12,rax,cs:_1_main__opaque_list2_1,1,2,N,_r.BSS,mov_r.BSS,C
.text,00400EF1,function_1,B70,T,4885C0,test,test_11,rax,rax,1,1,N,,test,C
.text,00400EF4,function_1,B70,T,0F95C0,setnz,setnz_10,al,,1,0,N,,setnz,C
.text,00400EF7,function_1,B70,T,0FB6C0,movzx,movzx_11,eax,al,1,1,N,,movzx,C
.text,00400EFA,function_1,B70,T,4898,cdqe,cdqe_10,,,1,0,N,,cdqe,C
.text,00400EFC,function_1,B70,T,488D956CFFFFFF,lea,lea_14,rdx,[rbp+var_94],1,4,N,,lea,C
.text,00400F03,function_1,B70,T,488914C540156000,mov,mov_21,_2__functionPtrArray[rax*8],rdx,2,1,N,_w.DATA,mov_w.DATA,C
.text,00400F0B,function_1,B71,T,0FB645E0,movzx,movzx_14,eax,[rbp+var_20],1,4,N,,movzx,C
.text,00400F0F,function_1,B71,T,0FB6D0,movzx,movzx_11,edx,al,1,1,N,,movzx,C
.text,00400F12,function_1,B71,T,0FB645E1,movzx,movzx_14,eax,[rbp+var_1F],1,4,N,,movzx,C
.text,00400F16,function_1,B71,T,0FB6C0,movzx,movzx_11,eax,al,1,1,N,,movzx,C
.text,00400F19,function_1,B71,T,0FAFC2,imul,imul_11,eax,edx,1,1,N,,imul,C
.text,00400F1C,function_1,B71,T,0FB655E2,movzx,movzx_14,edx,[rbp+var_1E],1,4,N,,movzx,C
.text,00400F20,function_1,B71,T,0FB6CA,movzx,movzx_11,ecx,dl,1,1,N,,movzx,C
.text,00400F23,function_1,B71,T,0FB655E3,movzx,movzx_14,edx,[rbp+var_1D],1,4,N,,movzx,C
.text,00400F27,function_1,B71,T,0FB6D2,movzx,movzx_11,edx,dl,1,1,N,,movzx,C
.text,00400F2A,function_1,B71,T,01CA,add,add_11,edx,ecx,1,1,N,,add,C
.text,00400F2C,function_1,B71,T,8D0C10,lea,lea_13,ecx,[rax+rdx],1,3,N,,lea,C
.text,00400F2F,function_1,B71,T,0FB645E4,movzx,movzx_14,eax,[rbp+var_1C],1,4,N,,movzx,C
.text,00400F33,function_1,B71,T,0FB6D0,movzx,movzx_11,edx,al,1,1,N,,movzx,C
.text,00400F36,function_1,B71,T,0FB645E5,movzx,movzx_14,eax,[rbp+var_1B],1,4,N,,movzx,C
.text,00400F3A,function_1,B71,T,0FB6C0,movzx,movzx_11,eax,al,1,1,N,,movzx,C
.text,00400F3D,function_1,B71,T,8D3402,lea,lea_13,esi,[rdx+rax],1,3,N,,lea,C
.text,00400F40,function_1,B71,T,0FB645E6,movzx,movzx_14,eax,[rbp+var_1A],1,4,N,,movzx,C
.text,00400F44,function_1,B71,T,0FB6D0,movzx,movzx_11,edx,al,1,1,N,,movzx,C
.text,00400F47,function_1,B71,T,0FB645E7,movzx,movzx_14,eax,[rbp+var_19],1,4,N,,movzx,C
.text,00400F4B,function_1,B71,T,0FB6C0,movzx,movzx_11,eax,al,1,1,N,,movzx,C
.text,00400F4E,function_1,B71,T,0FAFC2,imul,imul_11,eax,edx,1,1,N,,imul,C
.text,00400F51,function_1,B71,T,01F0,add,add_11,eax,esi,1,1,N,,add,C
.text,00400F53,function_1,B71,T,39C1,cmp,cmp_11,ecx,eax,1,1,N,,cmp,C
.text,00400F55,function_1,B71,T,7510,jnz,jnz_70,loc_400F67,,7,0,J,.CODE,jnz.CODE,C
.text,00400F57,function_1,B72,T,0FB645E3,movzx,movzx_14,eax,[rbp+var_1D],1,4,N,,movzx,C
.text,00400F5B,function_1,B72,T,0FB655E7,movzx,movzx_14,edx,[rbp+var_19],1,4,N,,movzx,C
.text,00400F5F,function_1,B72,T,0FAFC2,imul,imul_11,eax,edx,1,1,N,,imul,C
.text,00400F62,function_1,B72,T,8845E2,mov,mov_41,[rbp+var_1E],al,4,1,N,,mov,C
.text,00400F65,function_1,B72,T,EB0D,jmp,jmp_70,loc_400F74,,7,0,J,.CODE,jmp.CODE,C
.text,00400F67,function_1,B73,T,0FB655E1,movzx,movzx_14,edx,[rbp+var_1F],1,4,N,,movzx,C
.text,00400F6B,function_1,B73,T,0FB645E1,movzx,movzx_14,eax,[rbp+var_1F],1,4,N,,movzx,C
.text,00400F6F,function_1,B73,T,01D0,add,add_11,eax,edx,1,1,N,,add,C
.text,00400F71,function_1,B73,T,8845E2,mov,mov_41,[rbp+var_1E],al,4,1,N,,mov,C
.text,00400F74,function_1,B74,T,0FB64DE7,movzx,movzx_14,ecx,[rbp+var_19],1,4,N,,movzx,C
.text,00400F78,function_1,B74,T,0FB655E2,movzx,movzx_14,edx,[rbp+var_1E],1,4,N,,movzx,C
.text,00400F7C,function_1,B74,T,89D0,mov,mov_11,eax,edx,1,1,N,,mov,C
.text,00400F7E,function_1,B74,T,C1E002,shl,shl_15,eax,2,1,5,N,,shl,C
.text,00400F81,function_1,B74,T,01D0,add,add_11,eax,edx,1,1,N,,add,C
.text,00400F83,function_1,B74,T,01C0,add,add_11,eax,eax,1,1,N,,add,C
.text,00400F85,function_1,B74,T,F7D8,neg,neg_10,eax,,1,0,N,,neg,C
.text,00400F87,function_1,B74,T,29C1,sub,sub_11,ecx,eax,1,1,N,,sub,C
.text,00400F89,function_1,B74,T,89C8,mov,mov_11,eax,ecx,1,1,N,,mov,C
.text,00400F8B,function_1,B74,T,8D50C7,lea,lea_14,edx,[rax-39h],1,4,N,,lea,C
.text,00400F8E,function_1,B74,T,488B8530FFFFFF,mov,mov_14,rax,[rbp+var_D0],1,4,N,,mov,C
.text,00400F95,function_1,B74,T,8810,mov,mov_31,[rax],dl,3,1,N,,mov,C
.text,00400F97,function_1,B74,T,488B8530FFFFFF,mov,mov_14,rax,[rbp+var_D0],1,4,N,,mov,C
.text,00400F9E,function_1,B74,T,4883C001,add,add_15,rax,1,1,5,N,,add,C
.text,00400FA2,function_1,B74,T,0FB64DE0,movzx,movzx_14,ecx,[rbp+var_20],1,4,N,,movzx,C
.text,00400FA6,function_1,B74,T,0FB655E3,movzx,movzx_14,edx,[rbp+var_1D],1,4,N,,movzx,C
.text,00400FAA,function_1,B74,T,01CA,add,add_11,edx,ecx,1,1,N,,add,C
.text,00400FAC,function_1,B74,T,83C280,add,add_15,edx,0FFFFFF80h,1,5,N,,add,C
.text,00400FAF,function_1,B74,T,8810,mov,mov_31,[rax],dl,3,1,N,,mov,C
.text,00400FB1,function_1,B74,T,488B8530FFFFFF,mov,mov_14,rax,[rbp+var_D0],1,4,N,,mov,C
.text,00400FB8,function_1,B74,T,4883C002,add,add_15,rax,2,1,5,N,,add,C
.text,00400FBC,function_1,B74,T,0FB64DE5,movzx,movzx_14,ecx,[rbp+var_1B],1,4,N,,movzx,C
.text,00400FC0,function_1,B74,T,0FB655E4,movzx,movzx_14,edx,[rbp+var_1C],1,4,N,,movzx,C
.text,00400FC4,function_1,B74,T,89CE,mov,mov_11,esi,ecx,1,1,N,,mov,C
.text,00400FC6,function_1,B74,T,29D6,sub,sub_11,esi,edx,1,1,N,,sub,C
.text,00400FC8,function_1,B74,T,0FB64DE6,movzx,movzx_14,ecx,[rbp+var_1A],1,4,N,,movzx,C
.text,00400FCC,function_1,B74,T,0FB655E1,movzx,movzx_14,edx,[rbp+var_1F],1,4,N,,movzx,C
.text,00400FD0,function_1,B74,T,01CA,add,add_11,edx,ecx,1,1,N,,add,C
.text,00400FD2,function_1,B74,T,01F2,add,add_11,edx,esi,1,1,N,,add,C
.text,00400FD4,function_1,B74,T,83C20E,add,add_15,edx,0Eh,1,5,N,,add,C
.text,00400FD7,function_1,B74,T,8810,mov,mov_31,[rax],dl,3,1,N,,mov,C
.text,00400FD9,function_1,B74,T,488B8530FFFFFF,mov,mov_14,rax,[rbp+var_D0],1,4,N,,mov,C
.text,00400FE0,function_1,B74,T,488D5003,lea,lea_14,rdx,[rax+3],1,4,N,,lea,C
.text,00400FE4,function_1,B74,T,0FB645E0,movzx,movzx_14,eax,[rbp+var_20],1,4,N,,movzx,C
.text,00400FE8,function_1,B74,T,0FB6C8,movzx,movzx_11,ecx,al,1,1,N,,movzx,C
.text,00400FEB,function_1,B74,T,0FB645E1,movzx,movzx_14,eax,[rbp+var_1F],1,4,N,,movzx,C
.text,00400FEF,function_1,B74,T,0FB6C0,movzx,movzx_11,eax,al,1,1,N,,movzx,C
.text,00400FF2,function_1,B74,T,8D3401,lea,lea_13,esi,[rcx+rax],1,3,N,,lea,C
.text,00400FF5,function_1,B74,T,0FB645E2,movzx,movzx_14,eax,[rbp+var_1E],1,4,N,,movzx,C
.text,00400FF9,function_1,B74,T,0FB6C8,movzx,movzx_11,ecx,al,1,1,N,,movzx,C
.text,00400FFC,function_1,B74,T,0FB645E3,movzx,movzx_14,eax,[rbp+var_1D],1,4,N,,movzx,C
.text,00401000,function_1,B74,T,0FB6C0,movzx,movzx_11,eax,al,1,1,N,,movzx,C
.text,00401003,function_1,B74,T,0FAFC1,imul,imul_11,eax,ecx,1,1,N,,imul,C
.text,00401006,function_1,B74,T,01F0,add,add_11,eax,esi,1,1,N,,add,C
.text,00401008,function_1,B74,T,89C7,mov,mov_11,edi,eax,1,1,N,,mov,C
.text,0040100A,function_1,B74,T,0FB645E4,movzx,movzx_14,eax,[rbp+var_1C],1,4,N,,movzx,C
.text,0040100E,function_1,B74,T,0FB64DE5,movzx,movzx_14,ecx,[rbp+var_1B],1,4,N,,movzx,C
.text,00401012,function_1,B74,T,0FAFC1,imul,imul_11,eax,ecx,1,1,N,,imul,C
.text,00401015,function_1,B74,T,89C6,mov,mov_11,esi,eax,1,1,N,,mov,C
.text,00401017,function_1,B74,T,0FB645E6,movzx,movzx_14,eax,[rbp+var_1A],1,4,N,,movzx,C
.text,0040101B,function_1,B74,T,0FB64DE7,movzx,movzx_14,ecx,[rbp+var_19],1,4,N,,movzx,C
.text,0040101F,function_1,B74,T,0FAFC1,imul,imul_11,eax,ecx,1,1,N,,imul,C
.text,00401022,function_1,B74,T,89C1,mov,mov_11,ecx,eax,1,1,N,,mov,C
.text,00401024,function_1,B74,T,89F0,mov,mov_11,eax,esi,1,1,N,,mov,C
.text,00401026,function_1,B74,T,0FAFC1,imul,imul_11,eax,ecx,1,1,N,,imul,C
.text,00401029,function_1,B74,T,89C1,mov,mov_11,ecx,eax,1,1,N,,mov,C
.text,0040102B,function_1,B74,T,89F8,mov,mov_11,eax,edi,1,1,N,,mov,C
.text,0040102D,function_1,B74,T,0FAFC1,imul,imul_11,eax,ecx,1,1,N,,imul,C
.text,00401030,function_1,B74,T,8802,mov,mov_31,[rdx],al,3,1,N,,mov,C
.text,00401032,function_1,B74,T,90,nop,nop_00,,,0,0,N,,nop,C
.text,00401033,function_1,B74,T,C9,leave,leave_00,,,0,0,N,,leave,C
.text,00401034,function_1,B74,T,C3,retn,retn_00,,,0,0,N,,retn,C
.text,00401035,megaInit,B75,T,55,push,push_10,rbp,,1,0,N,,push,S
.text,00401036,megaInit,B75,T,4889E5,mov,mov_11,rbp,rsp,1,1,N,,mov,C
.text,00401039,megaInit,B75,T,5D,pop,pop_10,rbp,,1,0,N,,pop,C
.text,0040103A,megaInit,B75,T,C3,retn,retn_00,,,0,0,N,,retn,C
.text,00401040,__libc_csu_init,B76,T,4157,push,push_10,r15,,1,0,N,,push,S
.text,00401042,__libc_csu_init,B76,T,4189FF,mov,mov_11,r15d,edi,1,1,N,,mov,C
.text,00401045,__libc_csu_init,B76,T,4156,push,push_10,r14,,1,0,N,,push,C
.text,00401047,__libc_csu_init,B76,T,4989F6,mov,mov_11,r14,rsi,1,1,N,,mov,C
.text,0040104A,__libc_csu_init,B76,T,4155,push,push_10,r13,,1,0,N,,push,C
.text,0040104C,__libc_csu_init,B76,T,4989D5,mov,mov_11,r13,rdx,1,1,N,,mov,C
.text,0040104F,__libc_csu_init,B76,T,4154,push,push_10,r12,,1,0,N,,push,C
.text,00401051,__libc_csu_init,B76,T,4C8D2540022000,lea,lea_12,r12,__frame_dummy_init_array_entry,1,2,N,_r.DATA,lea_r.DATA,C
.text,00401058,__libc_csu_init,B76,T,55,push,push_10,rbp,,1,0,N,,push,C
.text,00401059,__libc_csu_init,B76,T,488D2D40022000,lea,lea_12,rbp,__do_global_dtors_aux_fini_array_entry,1,2,N,_r.DATA,lea_r.DATA,C
.text,00401060,__libc_csu_init,B76,T,53,push,push_10,rbx,,1,0,N,,push,C
.text,00401061,__libc_csu_init,B76,T,4C29E5,sub,sub_11,rbp,r12,1,1,N,,sub,C
.text,00401064,__libc_csu_init,B76,T,31DB,xor,xor_11,ebx,ebx,1,1,N,,xor,C
.text,00401066,__libc_csu_init,B76,T,48C1FD03,sar,sar_15,rbp,3,1,5,N,,sar,C
.text,0040106A,__libc_csu_init,B76,T,4883EC08,sub,sub_15,rsp,8,1,5,N,,sub,C
.text,0040106E,__libc_csu_init,B76,T,E845F5FFFF,call,call_70,_init_proc,,7,0,J,.CODE,call.CODE,C
.text,00401073,__libc_csu_init,B76,T,4885ED,test,test_11,rbp,rbp,1,1,N,,test,C
.text,00401076,__libc_csu_init,B76,T,741E,jz,jz_70,loc_401096,,7,0,J,.CODE,jz.CODE,C
.text,00401078,__libc_csu_init,B77,T,0F1F840000000000,nop,nop_40,dword ptr [rax+rax+00000000h],,4,0,N,,nop,C
.text,00401080,__libc_csu_init,B78,T,4C89EA,mov,mov_11,rdx,r13,1,1,N,,mov,C
.text,00401083,__libc_csu_init,B78,T,4C89F6,mov,mov_11,rsi,r14,1,1,N,,mov,C
.text,00401086,__libc_csu_init,B78,T,4489FF,mov,mov_11,edi,r15d,1,1,N,,mov,C
.text,00401089,__libc_csu_init,B78,T,41FF14DC,call,call_30,qword ptr [r12+rbx*8],,3,0,J,,call,C
.text,0040108D,__libc_csu_init,B78,T,4883C301,add,add_15,rbx,1,1,5,N,,add,C
.text,00401091,__libc_csu_init,B78,T,4839EB,cmp,cmp_11,rbx,rbp,1,1,N,,cmp,C
.text,00401094,__libc_csu_init,B78,T,75EA,jnz,jnz_70,loc_401080,,7,0,J,.CODE,jnz.CODE,C
.text,00401096,__libc_csu_init,B79,T,4883C408,add,add_15,rsp,8,1,5,N,,add,C
.text,0040109A,__libc_csu_init,B79,T,5B,pop,pop_10,rbx,,1,0,N,,pop,C
.text,0040109B,__libc_csu_init,B79,T,5D,pop,pop_10,rbp,,1,0,N,,pop,C
.text,0040109C,__libc_csu_init,B79,T,415C,pop,pop_10,r12,,1,0,N,,pop,C
.text,0040109E,__libc_csu_init,B79,T,415D,pop,pop_10,r13,,1,0,N,,pop,C
.text,004010A0,__libc_csu_init,B79,T,415E,pop,pop_10,r14,,1,0,N,,pop,C
.text,004010A2,__libc_csu_init,B79,T,415F,pop,pop_10,r15,,1,0,N,,pop,C
.text,004010A4,__libc_csu_init,B79,T,C3,retn,retn_00,,,0,0,N,,retn,C
.text,004010B0,__libc_csu_fini,B80,T,F3C3,retn,retn_00,,,0,0,N,,retn,S
